ID, COLOR, LATITUDE, LONGITUDE
0, #DFDFDF, 25.709808, -80.313985
1, #FFFFFF, 25.709808, -80.309985
2, #DFDFDF, 25.709808, -80.305985
3, #E7E7E7, 25.709808, -80.301985
4, #DFDFDF, 25.709808, -80.297985
5, #DFDFDF, 25.709808, -80.293985
6, #DFDFDF, 25.709808, -80.289985
7, #DFDFDF, 25.709808, -80.285985
8, #DFDFDF, 25.709808, -80.281985
9, #DFDFDF, 25.709808, -80.277985
10, #DFDFDF, 25.709808, -80.273985
11, #DFDFDF, 25.709808, -80.269985
12, #A3CBFF, 25.709808, -80.265985
13, #DFDFDF, 25.709808, -80.261985
14, #DFDFDF, 25.709808, -80.257985
15, #DFDFDF, 25.709808, -80.253985
16, #DFDFDF, 25.709808, -80.249985
17, #A3CBFF, 25.709808, -80.245985
18, #A3CBFF, 25.709808, -80.241985
19, #A3CBFF, 25.709808, -80.237985
20, #A3CBFF, 25.709808, -80.233985
21, #A3CBFF, 25.709808, -80.229985
22, #A3CBFF, 25.709808, -80.225985
23, #A3CBFF, 25.709808, -80.221985
24, #A3CBFF, 25.709808, -80.217985
25, #A3CBFF, 25.709808, -80.213985
26, #A3CBFF, 25.709808, -80.209985
27, #A3CBFF, 25.709808, -80.205985
28, #A3CBFF, 25.709808, -80.201985
29, #A3CBFF, 25.709808, -80.197985
30, #A3CBFF, 25.709808, -80.193985
31, #A3CBFF, 25.709808, -80.189985
32, #A3CBFF, 25.709808, -80.185985
33, #A3CBFF, 25.709808, -80.181985
34, #A3CBFF, 25.709808, -80.177985
35, #CBE7A3, 25.709808, -80.173985
36, #CBE7A3, 25.709808, -80.169985
37, #A3CBFF, 25.709808, -80.165985
38, #CBE7A3, 25.709808, -80.161985
39, #CBE7A3, 25.709808, -80.157985
40, #CBE7A3, 25.709808, -80.153985
41, #A3CBFF, 25.709808, -80.149985
42, #A3CBFF, 25.709808, -80.145985
43, #A3CBFF, 25.709808, -80.141985
44, #A3CBFF, 25.709808, -80.137985
45, #A3CBFF, 25.709808, -80.133985
46, #A3CBFF, 25.709808, -80.129985
47, #A3CBFF, 25.709808, -80.125985
48, #A3CBFF, 25.709808, -80.121985
49, #A3CBFF, 25.709808, -80.117985
50, #A3CBFF, 25.709808, -80.113985
51, #DFDFDF, 25.713808, -80.313985
52, #DFDFDF, 25.713808, -80.309985
53, #DFDFDF, 25.713808, -80.305985
54, #F7F7F7, 25.713808, -80.301985
55, #A3CBFF, 25.713808, -80.297985
56, #EFEFEF, 25.713808, -80.293985
57, #EFEBE3, 25.713808, -80.289985
58, #EFEBE3, 25.713808, -80.285985
59, #D7E7B7, 25.713808, -80.281985
60, #FFEFB7, 25.713808, -80.277985
61, #DFDFDF, 25.713808, -80.273985
62, #FFFFFF, 25.713808, -80.269985
63, #DFDFDF, 25.713808, -80.265985
64, #DFDFDF, 25.713808, -80.261985
65, #DFDFDF, 25.713808, -80.257985
66, #DFDFDF, 25.713808, -80.253985
67, #DFDFDF, 25.713808, -80.249985
68, #A3CBFF, 25.713808, -80.245985
69, #A3CBFF, 25.713808, -80.241985
70, #A3CBFF, 25.713808, -80.237985
71, #A3CBFF, 25.713808, -80.233985
72, #A3CBFF, 25.713808, -80.229985
73, #A3CBFF, 25.713808, -80.225985
74, #A3CBFF, 25.713808, -80.221985
75, #A3CBFF, 25.713808, -80.217985
76, #A3CBFF, 25.713808, -80.213985
77, #A3CBFF, 25.713808, -80.209985
78, #A3CBFF, 25.713808, -80.205985
79, #A3CBFF, 25.713808, -80.201985
80, #A3CBFF, 25.713808, -80.197985
81, #A3CBFF, 25.713808, -80.193985
82, #A3CBFF, 25.713808, -80.189985
83, #A3CBFF, 25.713808, -80.185985
84, #A3CBFF, 25.713808, -80.181985
85, #A3CBFF, 25.713808, -80.177985
86, #A3CBFF, 25.713808, -80.173985
87, #A3CBFF, 25.713808, -80.169985
88, #A3CBFF, 25.713808, -80.165985
89, #D7E7B7, 25.713808, -80.161985
90, #D7E7B7, 25.713808, -80.157985
91, #EFE39B, 25.713808, -80.153985
92, #A3CBFF, 25.713808, -80.149985
93, #A3CBFF, 25.713808, -80.145985
94, #A3CBFF, 25.713808, -80.141985
95, #A3CBFF, 25.713808, -80.137985
96, #A3CBFF, 25.713808, -80.133985
97, #A3CBFF, 25.713808, -80.129985
98, #A3CBFF, 25.713808, -80.125985
99, #A3CBFF, 25.713808, -80.121985
100, #A3CBFF, 25.713808, -80.117985
101, #A3CBFF, 25.713808, -80.113985
102, #FFFFFF, 25.717808, -80.313985
103, #DFDFDF, 25.717808, -80.309985
104, #DFDFDF, 25.717808, -80.305985
105, #DFDFDF, 25.717808, -80.301985
106, #DFDFDF, 25.717808, -80.297985
107, #FFFFFF, 25.717808, -80.293985
108, #EFEFEF, 25.717808, -80.289985
109, #EBD397, 25.717808, -80.285985
110, #E3E3DF, 25.717808, -80.281985
111, #E3E3DF, 25.717808, -80.277985
112, #FFFFFF, 25.717808, -80.273985
113, #DFDFDF, 25.717808, -80.269985
114, #DFDFDF, 25.717808, -80.265985
115, #DFDFDF, 25.717808, -80.261985
116, #DFDFDF, 25.717808, -80.257985
117, #EBEBEB, 25.717808, -80.253985
118, #DFDFDF, 25.717808, -80.249985
119, #DFDFDF, 25.717808, -80.245985
120, #A3CBFF, 25.717808, -80.241985
121, #A3CBFF, 25.717808, -80.237985
122, #A3CBFF, 25.717808, -80.233985
123, #A3CBFF, 25.717808, -80.229985
124, #A3CBFF, 25.717808, -80.225985
125, #A3CBFF, 25.717808, -80.221985
126, #A3CBFF, 25.717808, -80.217985
127, #A3CBFF, 25.717808, -80.213985
128, #A3CBFF, 25.717808, -80.209985
129, #A3CBFF, 25.717808, -80.205985
130, #A3CBFF, 25.717808, -80.201985
131, #A3CBFF, 25.717808, -80.197985
132, #A3CBFF, 25.717808, -80.193985
133, #A3CBFF, 25.717808, -80.189985
134, #A3CBFF, 25.717808, -80.185985
135, #A3CBFF, 25.717808, -80.181985
136, #A3CBFF, 25.717808, -80.177985
137, #A3CBFF, 25.717808, -80.173985
138, #A3CBFF, 25.717808, -80.169985
139, #A3CBFF, 25.717808, -80.165985
140, #A3CBFF, 25.717808, -80.161985
141, #EBF3DB, 25.717808, -80.157985
142, #D7E7B7, 25.717808, -80.153985
143, #CBE7A3, 25.717808, -80.149985
144, #A3CBFF, 25.717808, -80.145985
145, #A3CBFF, 25.717808, -80.141985
146, #A3CBFF, 25.717808, -80.137985
147, #A3CBFF, 25.717808, -80.133985
148, #A3CBFF, 25.717808, -80.129985
149, #A3CBFF, 25.717808, -80.125985
150, #A3CBFF, 25.717808, -80.121985
151, #A3CBFF, 25.717808, -80.117985
152, #A3CBFF, 25.717808, -80.113985
153, #A3CBFF, 25.721808, -80.313985
154, #DFDFDF, 25.721808, -80.309985
155, #DFDFDF, 25.721808, -80.305985
156, #DFDFDF, 25.721808, -80.301985
157, #EFEBE3, 25.721808, -80.297985
158, #EFEBE3, 25.721808, -80.293985
159, #EFEBE3, 25.721808, -80.289985
160, #FFEBAF, 25.721808, -80.285985
161, #DFDFDF, 25.721808, -80.281985
162, #E3E3DF, 25.721808, -80.277985
163, #E3E3DF, 25.721808, -80.273985
164, #DFDFDF, 25.721808, -80.269985
165, #A3CBFF, 25.721808, -80.265985
166, #DFDFDF, 25.721808, -80.261985
167, #DFDFDF, 25.721808, -80.257985
168, #DFDFDF, 25.721808, -80.253985
169, #DFDFDF, 25.721808, -80.249985
170, #E3E3DF, 25.721808, -80.245985
171, #A3CBFF, 25.721808, -80.241985
172, #A3CBFF, 25.721808, -80.237985
173, #A3CBFF, 25.721808, -80.233985
174, #A3CBFF, 25.721808, -80.229985
175, #A3CBFF, 25.721808, -80.225985
176, #A3CBFF, 25.721808, -80.221985
177, #A3CBFF, 25.721808, -80.217985
178, #A3CBFF, 25.721808, -80.213985
179, #A3CBFF, 25.721808, -80.209985
180, #A3CBFF, 25.721808, -80.205985
181, #A3CBFF, 25.721808, -80.201985
182, #A3CBFF, 25.721808, -80.197985
183, #A3CBFF, 25.721808, -80.193985
184, #A3CBFF, 25.721808, -80.189985
185, #A3CBFF, 25.721808, -80.185985
186, #A3CBFF, 25.721808, -80.181985
187, #A3CBFF, 25.721808, -80.177985
188, #A3CBFF, 25.721808, -80.173985
189, #A3CBFF, 25.721808, -80.169985
190, #A3CBFF, 25.721808, -80.165985
191, #A3CBFF, 25.721808, -80.161985
192, #A3CBFF, 25.721808, -80.157985
193, #D7E7B7, 25.721808, -80.153985
194, #CBE7A3, 25.721808, -80.149985
195, #A3CBFF, 25.721808, -80.145985
196, #A3CBFF, 25.721808, -80.141985
197, #A3CBFF, 25.721808, -80.137985
198, #A3CBFF, 25.721808, -80.133985
199, #A3CBFF, 25.721808, -80.129985
200, #A3CBFF, 25.721808, -80.125985
201, #A3CBFF, 25.721808, -80.121985
202, #A3CBFF, 25.721808, -80.117985
203, #A3CBFF, 25.721808, -80.113985
204, #EFDFC7, 25.725808, -80.313985
205, #EFDFC7, 25.725808, -80.309985
206, #DFDFDF, 25.725808, -80.305985
207, #F7F7F7, 25.725808, -80.301985
208, #EFEBE3, 25.725808, -80.297985
209, #EFEBE3, 25.725808, -80.293985
210, #EFEBE3, 25.725808, -80.289985
211, #DFDFDF, 25.725808, -80.285985
212, #E7E7E7, 25.725808, -80.281985
213, #D7E7B7, 25.725808, -80.277985
214, #D7E7B7, 25.725808, -80.273985
215, #DFDFDF, 25.725808, -80.269985
216, #DFDFDF, 25.725808, -80.265985
217, #DFDFDF, 25.725808, -80.261985
218, #CBE7A3, 25.725808, -80.257985
219, #E3E3DF, 25.725808, -80.253985
220, #DFDFDF, 25.725808, -80.249985
221, #DFDFDF, 25.725808, -80.245985
222, #DFDFDF, 25.725808, -80.241985
223, #A3CBFF, 25.725808, -80.237985
224, #A3CBFF, 25.725808, -80.233985
225, #A3CBFF, 25.725808, -80.229985
226, #A3CBFF, 25.725808, -80.225985
227, #A3CBFF, 25.725808, -80.221985
228, #A3CBFF, 25.725808, -80.217985
229, #A3CBFF, 25.725808, -80.213985
230, #A3CBFF, 25.725808, -80.209985
231, #A3CBFF, 25.725808, -80.205985
232, #A3CBFF, 25.725808, -80.201985
233, #A3CBFF, 25.725808, -80.197985
234, #A3CBFF, 25.725808, -80.193985
235, #A3CBFF, 25.725808, -80.189985
236, #A3CBFF, 25.725808, -80.185985
237, #A3CBFF, 25.725808, -80.181985
238, #A3CBFF, 25.725808, -80.177985
239, #A3CBFF, 25.725808, -80.173985
240, #A3CBFF, 25.725808, -80.169985
241, #A3CBFF, 25.725808, -80.165985
242, #A3CBFF, 25.725808, -80.161985
243, #A7CFFB, 25.725808, -80.157985
244, #CBE7A3, 25.725808, -80.153985
245, #CBE7A3, 25.725808, -80.149985
246, #A3CBFF, 25.725808, -80.145985
247, #A3CBFF, 25.725808, -80.141985
248, #A3CBFF, 25.725808, -80.137985
249, #A3CBFF, 25.725808, -80.133985
250, #A3CBFF, 25.725808, -80.129985
251, #A3CBFF, 25.725808, -80.125985
252, #A3CBFF, 25.725808, -80.121985
253, #A3CBFF, 25.725808, -80.117985
254, #A3CBFF, 25.725808, -80.113985
255, #DFDFDF, 25.729808, -80.313985
256, #DFDFDF, 25.729808, -80.309985
257, #DFDFDF, 25.729808, -80.305985
258, #EFEBE3, 25.729808, -80.301985
259, #EFEBE3, 25.729808, -80.297985
260, #EFEBE3, 25.729808, -80.293985
261, #EFEBE3, 25.729808, -80.289985
262, #DFDFDF, 25.729808, -80.285985
263, #DFDFDF, 25.729808, -80.281985
264, #DFDFDF, 25.729808, -80.277985
265, #D7E7C3, 25.729808, -80.273985
266, #E7E7E7, 25.729808, -80.269985
267, #A3CBFF, 25.729808, -80.265985
268, #EBD79B, 25.729808, -80.261985
269, #FFFFFF, 25.729808, -80.257985
270, #DFDFDF, 25.729808, -80.253985
271, #FBFBFB, 25.729808, -80.249985
272, #DFDFDF, 25.729808, -80.245985
273, #DFDFDF, 25.729808, -80.241985
274, #DFDFDF, 25.729808, -80.237985
275, #E3E3E3, 25.729808, -80.233985
276, #A3CBFF, 25.729808, -80.229985
277, #A3CBFF, 25.729808, -80.225985
278, #A3CBFF, 25.729808, -80.221985
279, #A3CBFF, 25.729808, -80.217985
280, #A3CBFF, 25.729808, -80.213985
281, #A3CBFF, 25.729808, -80.209985
282, #A3CBFF, 25.729808, -80.205985
283, #A3CBFF, 25.729808, -80.201985
284, #A3CBFF, 25.729808, -80.197985
285, #A3CBFF, 25.729808, -80.193985
286, #A3CBFF, 25.729808, -80.189985
287, #A3CBFF, 25.729808, -80.185985
288, #A3CBFF, 25.729808, -80.181985
289, #A3CBFF, 25.729808, -80.177985
290, #A3CBFF, 25.729808, -80.173985
291, #A3CBFF, 25.729808, -80.169985
292, #A3CBFF, 25.729808, -80.165985
293, #A3CBFF, 25.729808, -80.161985
294, #FFEBAF, 25.729808, -80.157985
295, #A3CBFF, 25.729808, -80.153985
296, #A3CBFF, 25.729808, -80.149985
297, #A3CBFF, 25.729808, -80.145985
298, #A3CBFF, 25.729808, -80.141985
299, #A3CBFF, 25.729808, -80.137985
300, #A3CBFF, 25.729808, -80.133985
301, #A3CBFF, 25.729808, -80.129985
302, #A3CBFF, 25.729808, -80.125985
303, #A3CBFF, 25.729808, -80.121985
304, #A3CBFF, 25.729808, -80.117985
305, #A3CBFF, 25.729808, -80.113985
306, #F7F7F7, 25.733808, -80.313985
307, #CBE7A3, 25.733808, -80.309985
308, #DFDFDF, 25.733808, -80.305985
309, #DFDFDF, 25.733808, -80.301985
310, #DFDFDF, 25.733808, -80.297985
311, #FFEBAF, 25.733808, -80.293985
312, #FFEBAF, 25.733808, -80.289985
313, #DFD7BB, 25.733808, -80.285985
314, #DFDFDF, 25.733808, -80.281985
315, #DFDFDF, 25.733808, -80.277985
316, #DFDFDF, 25.733808, -80.273985
317, #DFDFDF, 25.733808, -80.269985
318, #DFDFDF, 25.733808, -80.265985
319, #FFEBAF, 25.733808, -80.261985
320, #F7F7F7, 25.733808, -80.257985
321, #FFFFFF, 25.733808, -80.253985
322, #DFDFDF, 25.733808, -80.249985
323, #DFDFDF, 25.733808, -80.245985
324, #CBE7A3, 25.733808, -80.241985
325, #DFDFDF, 25.733808, -80.237985
326, #DFDFDF, 25.733808, -80.233985
327, #CBE7A3, 25.733808, -80.229985
328, #A3CBFF, 25.733808, -80.225985
329, #A3CBFF, 25.733808, -80.221985
330, #A3CBFF, 25.733808, -80.217985
331, #A3CBFF, 25.733808, -80.213985
332, #A3CBFF, 25.733808, -80.209985
333, #A3CBFF, 25.733808, -80.205985
334, #A3CBFF, 25.733808, -80.201985
335, #A3CBFF, 25.733808, -80.197985
336, #A3CBFF, 25.733808, -80.193985
337, #A3CBFF, 25.733808, -80.189985
338, #A3CBFF, 25.733808, -80.185985
339, #A3CBFF, 25.733808, -80.181985
340, #A3CBFF, 25.733808, -80.177985
341, #A3CBFF, 25.733808, -80.173985
342, #A3CBFF, 25.733808, -80.169985
343, #EFEBE3, 25.733808, -80.165985
344, #FFFFFF, 25.733808, -80.161985
345, #CBE7A3, 25.733808, -80.157985
346, #A3CBFF, 25.733808, -80.153985
347, #A3CBFF, 25.733808, -80.149985
348, #A3CBFF, 25.733808, -80.145985
349, #A3CBFF, 25.733808, -80.141985
350, #A3CBFF, 25.733808, -80.137985
351, #A3CBFF, 25.733808, -80.133985
352, #A3CBFF, 25.733808, -80.129985
353, #A3CBFF, 25.733808, -80.125985
354, #A3CBFF, 25.733808, -80.121985
355, #A3CBFF, 25.733808, -80.117985
356, #A3CBFF, 25.733808, -80.113985
357, #EFEFEF, 25.737808, -80.313985
358, #CBE7A3, 25.737808, -80.309985
359, #DFDFDF, 25.737808, -80.305985
360, #DFDFDF, 25.737808, -80.301985
361, #DFDFDF, 25.737808, -80.297985
362, #DFDFDF, 25.737808, -80.293985
363, #EBEBEB, 25.737808, -80.289985
364, #DFDFDF, 25.737808, -80.285985
365, #A3CBFF, 25.737808, -80.281985
366, #D7E7B7, 25.737808, -80.277985
367, #DFDFDF, 25.737808, -80.273985
368, #DFDFDF, 25.737808, -80.269985
369, #DFDFDF, 25.737808, -80.265985
370, #DFDFDF, 25.737808, -80.261985
371, #DFDFDF, 25.737808, -80.257985
372, #E7E7E7, 25.737808, -80.253985
373, #DFDFDF, 25.737808, -80.249985
374, #FFFFFF, 25.737808, -80.245985
375, #DFDFDF, 25.737808, -80.241985
376, #DFDFDF, 25.737808, -80.237985
377, #FBFBFB, 25.737808, -80.233985
378, #FFFFFF, 25.737808, -80.229985
379, #E3E3DF, 25.737808, -80.225985
380, #DFDFDF, 25.737808, -80.221985
381, #A3CBFF, 25.737808, -80.217985
382, #A3CBFF, 25.737808, -80.213985
383, #A3CBFF, 25.737808, -80.209985
384, #A3CBFF, 25.737808, -80.205985
385, #A3CBFF, 25.737808, -80.201985
386, #A3CBFF, 25.737808, -80.197985
387, #A3CBFF, 25.737808, -80.193985
388, #A3CBFF, 25.737808, -80.189985
389, #A3CBFF, 25.737808, -80.185985
390, #A3CBFF, 25.737808, -80.181985
391, #A3CBFF, 25.737808, -80.177985
392, #A3CBFF, 25.737808, -80.173985
393, #A3CBFF, 25.737808, -80.169985
394, #CBE7A3, 25.737808, -80.165985
395, #CBE7A3, 25.737808, -80.161985
396, #A3CBFF, 25.737808, -80.157985
397, #CBE7A3, 25.737808, -80.153985
398, #A3CBFF, 25.737808, -80.149985
399, #A3CBFF, 25.737808, -80.145985
400, #A3CBFF, 25.737808, -80.141985
401, #A3CBFF, 25.737808, -80.137985
402, #A3CBFF, 25.737808, -80.133985
403, #A3CBFF, 25.737808, -80.129985
404, #A3CBFF, 25.737808, -80.125985
405, #A3CBFF, 25.737808, -80.121985
406, #A3CBFF, 25.737808, -80.117985
407, #A3CBFF, 25.737808, -80.113985
408, #DFDFDF, 25.741808, -80.313985
409, #DFDFDF, 25.741808, -80.309985
410, #DFDFDF, 25.741808, -80.305985
411, #DFDFDF, 25.741808, -80.301985
412, #DFDFDF, 25.741808, -80.297985
413, #F7EFEB, 25.741808, -80.293985
414, #DFDFDF, 25.741808, -80.289985
415, #DFDFDF, 25.741808, -80.285985
416, #D7E7B7, 25.741808, -80.281985
417, #DFDFDF, 25.741808, -80.277985
418, #DFDFDF, 25.741808, -80.273985
419, #DFDFDF, 25.741808, -80.269985
420, #CBE7A3, 25.741808, -80.265985
421, #DFDFDF, 25.741808, -80.261985
422, #DFDFDF, 25.741808, -80.257985
423, #DFDFDF, 25.741808, -80.253985
424, #DFDFDF, 25.741808, -80.249985
425, #FFFFFF, 25.741808, -80.245985
426, #FFFFFF, 25.741808, -80.241985
427, #FFEBAF, 25.741808, -80.237985
428, #DFDFDF, 25.741808, -80.233985
429, #DFDFDF, 25.741808, -80.229985
430, #DFDFDF, 25.741808, -80.225985
431, #DFDFDF, 25.741808, -80.221985
432, #F7EBEF, 25.741808, -80.217985
433, #DFDFDF, 25.741808, -80.213985
434, #A3CBFF, 25.741808, -80.209985
435, #A3CBFF, 25.741808, -80.205985
436, #A3CBFF, 25.741808, -80.201985
437, #A3CBFF, 25.741808, -80.197985
438, #A3CBFF, 25.741808, -80.193985
439, #A3CBFF, 25.741808, -80.189985
440, #A3CBFF, 25.741808, -80.185985
441, #A3CBFF, 25.741808, -80.181985
442, #A3CBFF, 25.741808, -80.177985
443, #A3CBFF, 25.741808, -80.173985
444, #DBE7CF, 25.741808, -80.169985
445, #A3CBFF, 25.741808, -80.165985
446, #CBE7A3, 25.741808, -80.161985
447, #CBE7A3, 25.741808, -80.157985
448, #CBE7A3, 25.741808, -80.153985
449, #CBE7A3, 25.741808, -80.149985
450, #CBE7A3, 25.741808, -80.145985
451, #A3CBFF, 25.741808, -80.141985
452, #A3CBFF, 25.741808, -80.137985
453, #A3CBFF, 25.741808, -80.133985
454, #A3CBFF, 25.741808, -80.129985
455, #A3CBFF, 25.741808, -80.125985
456, #A3CBFF, 25.741808, -80.121985
457, #A3CBFF, 25.741808, -80.117985
458, #A3CBFF, 25.741808, -80.113985
459, #DFDFDF, 25.745808, -80.313985
460, #DFDFDF, 25.745808, -80.309985
461, #E7E7E7, 25.745808, -80.305985
462, #DFDFDF, 25.745808, -80.301985
463, #DFDFDF, 25.745808, -80.297985
464, #DFDFDF, 25.745808, -80.293985
465, #DFDFDF, 25.745808, -80.289985
466, #CBE7A3, 25.745808, -80.285985
467, #FFFFFF, 25.745808, -80.281985
468, #DFDFDF, 25.745808, -80.277985
469, #DFDFDF, 25.745808, -80.273985
470, #FFFFFF, 25.745808, -80.269985
471, #DFDFDF, 25.745808, -80.265985
472, #DFDFDF, 25.745808, -80.261985
473, #DFDFDF, 25.745808, -80.257985
474, #DFDFDF, 25.745808, -80.253985
475, #DFDFDF, 25.745808, -80.249985
476, #DFDFDF, 25.745808, -80.245985
477, #DFDFDF, 25.745808, -80.241985
478, #FFEBAF, 25.745808, -80.237985
479, #FBFBFB, 25.745808, -80.233985
480, #FFFFFF, 25.745808, -80.229985
481, #DFDFDF, 25.745808, -80.225985
482, #FFEFB7, 25.745808, -80.221985
483, #DFDFDF, 25.745808, -80.217985
484, #DFDFDF, 25.745808, -80.213985
485, #DFDFDF, 25.745808, -80.209985
486, #A3CBFF, 25.745808, -80.205985
487, #A3CBFF, 25.745808, -80.201985
488, #E7E7E7, 25.745808, -80.197985
489, #CBC39F, 25.745808, -80.193985
490, #FFFFFF, 25.745808, -80.189985
491, #A3CBFF, 25.745808, -80.185985
492, #A3CBFF, 25.745808, -80.181985
493, #B7D7CF, 25.745808, -80.177985
494, #A3CBFF, 25.745808, -80.173985
495, #A3CBFF, 25.745808, -80.169985
496, #CBE7A3, 25.745808, -80.165985
497, #CBE7A3, 25.745808, -80.161985
498, #CBE7A3, 25.745808, -80.157985
499, #CBE7A3, 25.745808, -80.153985
500, #DFDFDF, 25.745808, -80.149985
501, #CBE7A3, 25.745808, -80.145985
502, #A3CBFF, 25.745808, -80.141985
503, #A3CBFF, 25.745808, -80.137985
504, #A3CBFF, 25.745808, -80.133985
505, #A3CBFF, 25.745808, -80.129985
506, #A3CBFF, 25.745808, -80.125985
507, #A3CBFF, 25.745808, -80.121985
508, #A3CBFF, 25.745808, -80.117985
509, #A3CBFF, 25.745808, -80.113985
510, #DFDFDF, 25.749808, -80.313985
511, #DFDFDF, 25.749808, -80.309985
512, #FFFFFF, 25.749808, -80.305985
513, #DFDFDF, 25.749808, -80.301985
514, #DFDFDF, 25.749808, -80.297985
515, #DFDFDF, 25.749808, -80.293985
516, #DFDFDF, 25.749808, -80.289985
517, #EFEFEF, 25.749808, -80.285985
518, #DFDFDF, 25.749808, -80.281985
519, #DFDFDF, 25.749808, -80.277985
520, #EFEFEF, 25.749808, -80.273985
521, #D7E7B7, 25.749808, -80.269985
522, #DFDFDF, 25.749808, -80.265985
523, #EFDFC7, 25.749808, -80.261985
524, #EFDFC7, 25.749808, -80.257985
525, #FFEBAF, 25.749808, -80.253985
526, #E3D3A7, 25.749808, -80.249985
527, #DFDFDF, 25.749808, -80.245985
528, #DFDFDF, 25.749808, -80.241985
529, #DFDBCB, 25.749808, -80.237985
530, #DFDFDF, 25.749808, -80.233985
531, #FFFFFF, 25.749808, -80.229985
532, #EFEFEF, 25.749808, -80.225985
533, #FFFFFF, 25.749808, -80.221985
534, #DFDFDF, 25.749808, -80.217985
535, #DFDFDF, 25.749808, -80.213985
536, #FFD79B, 25.749808, -80.209985
537, #DFDFDF, 25.749808, -80.205985
538, #FFFFFF, 25.749808, -80.201985
539, #A3CBFF, 25.749808, -80.197985
540, #A3CBFF, 25.749808, -80.193985
541, #A3CBFF, 25.749808, -80.189985
542, #A3CBFF, 25.749808, -80.185985
543, #A3CBFF, 25.749808, -80.181985
544, #A3CBFF, 25.749808, -80.177985
545, #DFDFDF, 25.749808, -80.173985
546, #A3CBFF, 25.749808, -80.169985
547, #A3CBFF, 25.749808, -80.165985
548, #A3CBFF, 25.749808, -80.161985
549, #A3CBFF, 25.749808, -80.157985
550, #CBE7A3, 25.749808, -80.153985
551, #DFDFDF, 25.749808, -80.149985
552, #CBE7A3, 25.749808, -80.145985
553, #A3CBFF, 25.749808, -80.141985
554, #A3CBFF, 25.749808, -80.137985
555, #A3CBFF, 25.749808, -80.133985
556, #A3CBFF, 25.749808, -80.129985
557, #A3CBFF, 25.749808, -80.125985
558, #A3CBFF, 25.749808, -80.121985
559, #A3CBFF, 25.749808, -80.117985
560, #A3CBFF, 25.749808, -80.113985
561, #DFDFDF, 25.753808, -80.313985
562, #DFDFDF, 25.753808, -80.309985
563, #DFDFDF, 25.753808, -80.305985
564, #DFDFDF, 25.753808, -80.301985
565, #DFDFDF, 25.753808, -80.297985
566, #DFDFDF, 25.753808, -80.293985
567, #DFDFDF, 25.753808, -80.289985
568, #DFDFDF, 25.753808, -80.285985
569, #FFFFFF, 25.753808, -80.281985
570, #DFDFDF, 25.753808, -80.277985
571, #FFFFFF, 25.753808, -80.273985
572, #DFDFDF, 25.753808, -80.269985
573, #DFDFDF, 25.753808, -80.265985
574, #DFDFDF, 25.753808, -80.261985
575, #E7E7E7, 25.753808, -80.257985
576, #DFDFDF, 25.753808, -80.253985
577, #DFDFDF, 25.753808, -80.249985
578, #EFEFEF, 25.753808, -80.245985
579, #DFDFDF, 25.753808, -80.241985
580, #DFDFDF, 25.753808, -80.237985
581, #DFDFDF, 25.753808, -80.233985
582, #DFDFDF, 25.753808, -80.229985
583, #DFDFDF, 25.753808, -80.225985
584, #F7F7F7, 25.753808, -80.221985
585, #E3E3DF, 25.753808, -80.217985
586, #DFDFDF, 25.753808, -80.213985
587, #DFDFDF, 25.753808, -80.209985
588, #DFDFDF, 25.753808, -80.205985
589, #DFDFDF, 25.753808, -80.201985
590, #DFDFDF, 25.753808, -80.197985
591, #A3CBFF, 25.753808, -80.193985
592, #A3CBFF, 25.753808, -80.189985
593, #A3CBFF, 25.753808, -80.185985
594, #A3CBFF, 25.753808, -80.181985
595, #A3CBFF, 25.753808, -80.177985
596, #A3CBFF, 25.753808, -80.173985
597, #A3CBFF, 25.753808, -80.169985
598, #A3CBFF, 25.753808, -80.165985
599, #A3CBFF, 25.753808, -80.161985
600, #DFDFDF, 25.753808, -80.157985
601, #A3CBFF, 25.753808, -80.153985
602, #CBE7A3, 25.753808, -80.149985
603, #A3CBFF, 25.753808, -80.145985
604, #A3CBFF, 25.753808, -80.141985
605, #A3CBFF, 25.753808, -80.137985
606, #A3CBFF, 25.753808, -80.133985
607, #A3CBFF, 25.753808, -80.129985
608, #A3CBFF, 25.753808, -80.125985
609, #A3CBFF, 25.753808, -80.121985
610, #A3CBFF, 25.753808, -80.117985
611, #A3CBFF, 25.753808, -80.113985
612, #DFDFDF, 25.757808, -80.313985
613, #F7F7F7, 25.757808, -80.309985
614, #DFDFDF, 25.757808, -80.305985
615, #E7E7E7, 25.757808, -80.301985
616, #EFEFEF, 25.757808, -80.297985
617, #DFDFDF, 25.757808, -80.293985
618, #E7E7E7, 25.757808, -80.289985
619, #DFDFDF, 25.757808, -80.285985
620, #DFDFDF, 25.757808, -80.281985
621, #DFDFDF, 25.757808, -80.277985
622, #F7F7F7, 25.757808, -80.273985
623, #EFEBE3, 25.757808, -80.269985
624, #EFEBE3, 25.757808, -80.265985
625, #EFEBE3, 25.757808, -80.261985
626, #DFDFDF, 25.757808, -80.257985
627, #DFDFDF, 25.757808, -80.253985
628, #DFDFDF, 25.757808, -80.249985
629, #CBE7A3, 25.757808, -80.245985
630, #DFDFDF, 25.757808, -80.241985
631, #FFFFFF, 25.757808, -80.237985
632, #DFDFDF, 25.757808, -80.233985
633, #DFDFDF, 25.757808, -80.229985
634, #DFDFDF, 25.757808, -80.225985
635, #DFDFDF, 25.757808, -80.221985
636, #DFDFDF, 25.757808, -80.217985
637, #DFDFDF, 25.757808, -80.213985
638, #DFDFDF, 25.757808, -80.209985
639, #DFDFDF, 25.757808, -80.205985
640, #DFDFDF, 25.757808, -80.201985
641, #DFDFDF, 25.757808, -80.197985
642, #DFDFDF, 25.757808, -80.193985
643, #DFDFDF, 25.757808, -80.189985
644, #A3CBFF, 25.757808, -80.185985
645, #A3CBFF, 25.757808, -80.181985
646, #A3CBFF, 25.757808, -80.177985
647, #A3CBFF, 25.757808, -80.173985
648, #A3CBFF, 25.757808, -80.169985
649, #A3CBFF, 25.757808, -80.165985
650, #A3CBFF, 25.757808, -80.161985
651, #A3CBFF, 25.757808, -80.157985
652, #A3CBFF, 25.757808, -80.153985
653, #A3CBFF, 25.757808, -80.149985
654, #A3CBFF, 25.757808, -80.145985
655, #DFDFDF, 25.757808, -80.141985
656, #FFFFFF, 25.757808, -80.137985
657, #A3CBFF, 25.757808, -80.133985
658, #A3CBFF, 25.757808, -80.129985
659, #A3CBFF, 25.757808, -80.125985
660, #A3CBFF, 25.757808, -80.121985
661, #A3CBFF, 25.757808, -80.117985
662, #A3CBFF, 25.757808, -80.113985
663, #DFDFDF, 25.761808, -80.313985
664, #DFDFDF, 25.761808, -80.309985
665, #DFDFDF, 25.761808, -80.305985
666, #DFDFDF, 25.761808, -80.301985
667, #DFDFDF, 25.761808, -80.297985
668, #DFDFDF, 25.761808, -80.293985
669, #DFDFDF, 25.761808, -80.289985
670, #DFDFDF, 25.761808, -80.285985
671, #DFDFDF, 25.761808, -80.281985
672, #DFDFDF, 25.761808, -80.277985
673, #F7F7F7, 25.761808, -80.273985
674, #EFEBE3, 25.761808, -80.269985
675, #EFEBE3, 25.761808, -80.265985
676, #EFEBE3, 25.761808, -80.261985
677, #DFDFDF, 25.761808, -80.257985
678, #F7F7F7, 25.761808, -80.253985
679, #F3F3F3, 25.761808, -80.249985
680, #DFDFDF, 25.761808, -80.245985
681, #DFDFDF, 25.761808, -80.241985
682, #DFDFDF, 25.761808, -80.237985
683, #DFDFDF, 25.761808, -80.233985
684, #F7F7F7, 25.761808, -80.229985
685, #DFDFDF, 25.761808, -80.225985
686, #DFDFDF, 25.761808, -80.221985
687, #DFDFDF, 25.761808, -80.217985
688, #DFDFDF, 25.761808, -80.213985
689, #DFDFDF, 25.761808, -80.209985
690, #DFDFDF, 25.761808, -80.205985
691, #DFDFDF, 25.761808, -80.201985
692, #DFDFDF, 25.761808, -80.197985
693, #E3E3DF, 25.761808, -80.193985
694, #DFDFDF, 25.761808, -80.189985
695, #A3CBFF, 25.761808, -80.185985
696, #A3CBFF, 25.761808, -80.181985
697, #A3CBFF, 25.761808, -80.177985
698, #A3CBFF, 25.761808, -80.173985
699, #A3CBFF, 25.761808, -80.169985
700, #A3CBFF, 25.761808, -80.165985
701, #A3CBFF, 25.761808, -80.161985
702, #A3CBFF, 25.761808, -80.157985
703, #A3CBFF, 25.761808, -80.153985
704, #A3CBFF, 25.761808, -80.149985
705, #DFDFDF, 25.761808, -80.145985
706, #CBE7A3, 25.761808, -80.141985
707, #DFDFDF, 25.761808, -80.137985
708, #A3CBFF, 25.761808, -80.133985
709, #A3CBFF, 25.761808, -80.129985
710, #A3CBFF, 25.761808, -80.125985
711, #A3CBFF, 25.761808, -80.121985
712, #A3CBFF, 25.761808, -80.117985
713, #A3CBFF, 25.761808, -80.113985
714, #E7E7E7, 25.765808, -80.313985
715, #E7E7E7, 25.765808, -80.309985
716, #F7F7F7, 25.765808, -80.305985
717, #EFEFEF, 25.765808, -80.301985
718, #FFFFFF, 25.765808, -80.297985
719, #DFDFDF, 25.765808, -80.293985
720, #DFDFDF, 25.765808, -80.289985
721, #F7F7F7, 25.765808, -80.285985
722, #DFDFDF, 25.765808, -80.281985
723, #DFDFDF, 25.765808, -80.277985
724, #DFDFDF, 25.765808, -80.273985
725, #DFDFDF, 25.765808, -80.269985
726, #F7F7F7, 25.765808, -80.265985
727, #DFDFDF, 25.765808, -80.261985
728, #FFFFFF, 25.765808, -80.257985
729, #DFDFDF, 25.765808, -80.253985
730, #DFDFDF, 25.765808, -80.249985
731, #DFDFDF, 25.765808, -80.245985
732, #DFDFDF, 25.765808, -80.241985
733, #DFDFDB, 25.765808, -80.237985
734, #DFDFDF, 25.765808, -80.233985
735, #DFDFDF, 25.765808, -80.229985
736, #EFDFC7, 25.765808, -80.225985
737, #EFDFC7, 25.765808, -80.221985
738, #F7E7AB, 25.765808, -80.217985
739, #FFEFB7, 25.765808, -80.213985
740, #E3D7B3, 25.765808, -80.209985
741, #DFDFDF, 25.765808, -80.205985
742, #DFDFDF, 25.765808, -80.201985
743, #DFDFDF, 25.765808, -80.197985
744, #EFDFC7, 25.765808, -80.193985
745, #EFDFC7, 25.765808, -80.189985
746, #FFFFFF, 25.765808, -80.185985
747, #A3CBFF, 25.765808, -80.181985
748, #A3CBFF, 25.765808, -80.177985
749, #A3CBFF, 25.765808, -80.173985
750, #A3CBFF, 25.765808, -80.169985
751, #A3CBFF, 25.765808, -80.165985
752, #A3CBFF, 25.765808, -80.161985
753, #A3CBFF, 25.765808, -80.157985
754, #A3CBFF, 25.765808, -80.153985
755, #A3CBFF, 25.765808, -80.149985
756, #A3CBFF, 25.765808, -80.145985
757, #A3CBFF, 25.765808, -80.141985
758, #A3CBFF, 25.765808, -80.137985
759, #DFDFDF, 25.765808, -80.133985
760, #A3CBFF, 25.765808, -80.129985
761, #A3CBFF, 25.765808, -80.125985
762, #A3CBFF, 25.765808, -80.121985
763, #A3CBFF, 25.765808, -80.117985
764, #A3CBFF, 25.765808, -80.113985
765, #EFEBE3, 25.769808, -80.313985
766, #DFDFDF, 25.769808, -80.309985
767, #DFDFDF, 25.769808, -80.305985
768, #DFDFDF, 25.769808, -80.301985
769, #DFDFDF, 25.769808, -80.297985
770, #DFDFDF, 25.769808, -80.293985
771, #DFDFDF, 25.769808, -80.289985
772, #F3F3F3, 25.769808, -80.285985
773, #DFDFDF, 25.769808, -80.281985
774, #DFDFDF, 25.769808, -80.277985
775, #DFDFDF, 25.769808, -80.273985
776, #DFDFDF, 25.769808, -80.269985
777, #DFDFDF, 25.769808, -80.265985
778, #DFDFDF, 25.769808, -80.261985
779, #DFDFDF, 25.769808, -80.257985
780, #DFDFDF, 25.769808, -80.253985
781, #DFDFDF, 25.769808, -80.249985
782, #DFDFDF, 25.769808, -80.245985
783, #DFDFDF, 25.769808, -80.241985
784, #DFDFDF, 25.769808, -80.237985
785, #DFDFDF, 25.769808, -80.233985
786, #DFDFDF, 25.769808, -80.229985
787, #DFDFDF, 25.769808, -80.225985
788, #DFDFDF, 25.769808, -80.221985
789, #DFDFDF, 25.769808, -80.217985
790, #DFDFDF, 25.769808, -80.213985
791, #EFEFEF, 25.769808, -80.209985
792, #DFDFDF, 25.769808, -80.205985
793, #DFDFDF, 25.769808, -80.201985
794, #DFDFDF, 25.769808, -80.197985
795, #DFDFDF, 25.769808, -80.193985
796, #FFEFB7, 25.769808, -80.189985
797, #A3CBFF, 25.769808, -80.185985
798, #A3CBFF, 25.769808, -80.181985
799, #A3CBFF, 25.769808, -80.177985
800, #A3CBFF, 25.769808, -80.173985
801, #A3CBFF, 25.769808, -80.169985
802, #DFDFDF, 25.769808, -80.165985
803, #DFDFDF, 25.769808, -80.161985
804, #DFDFDF, 25.769808, -80.157985
805, #DFDFDF, 25.769808, -80.153985
806, #A3CBFF, 25.769808, -80.149985
807, #ABCFFB, 25.769808, -80.145985
808, #A3CBFF, 25.769808, -80.141985
809, #DFDFDF, 25.769808, -80.137985
810, #FFFFFF, 25.769808, -80.133985
811, #A3CBFF, 25.769808, -80.129985
812, #A3CBFF, 25.769808, -80.125985
813, #A3CBFF, 25.769808, -80.121985
814, #A3CBFF, 25.769808, -80.117985
815, #A3CBFF, 25.769808, -80.113985
816, #F3F3EB, 25.773808, -80.313985
817, #EFEBE3, 25.773808, -80.309985
818, #A3CBFF, 25.773808, -80.305985
819, #DFDFDF, 25.773808, -80.301985
820, #DFDFDF, 25.773808, -80.297985
821, #DFDFDF, 25.773808, -80.293985
822, #FFFFFF, 25.773808, -80.289985
823, #DFDFDF, 25.773808, -80.285985
824, #DFDFDF, 25.773808, -80.281985
825, #DFDFDF, 25.773808, -80.277985
826, #DFDFDF, 25.773808, -80.273985
827, #DFDFDF, 25.773808, -80.269985
828, #DFDFDF, 25.773808, -80.265985
829, #DFDFDF, 25.773808, -80.261985
830, #DFDFDF, 25.773808, -80.257985
831, #DFDFDF, 25.773808, -80.253985
832, #DFDFDF, 25.773808, -80.249985
833, #DFDFDF, 25.773808, -80.245985
834, #DFDFDF, 25.773808, -80.241985
835, #DFDFDF, 25.773808, -80.237985
836, #DFDFDF, 25.773808, -80.233985
837, #E7E7E7, 25.773808, -80.229985
838, #DFDFDF, 25.773808, -80.225985
839, #DFDFDF, 25.773808, -80.221985
840, #EFEFEF, 25.773808, -80.217985
841, #EFDFC7, 25.773808, -80.213985
842, #DFDFDF, 25.773808, -80.209985
843, #FFEBAF, 25.773808, -80.205985
844, #DFDFDF, 25.773808, -80.201985
845, #DFDFDF, 25.773808, -80.197985
846, #EFDFC7, 25.773808, -80.193985
847, #EFDFC7, 25.773808, -80.189985
848, #DBD7D3, 25.773808, -80.185985
849, #A3CBFF, 25.773808, -80.181985
850, #A3CBFF, 25.773808, -80.177985
851, #DFDFDF, 25.773808, -80.173985
852, #FBFBFB, 25.773808, -80.169985
853, #DFDFDF, 25.773808, -80.165985
854, #A3CBFF, 25.773808, -80.161985
855, #A3CBFF, 25.773808, -80.157985
856, #A3CBFF, 25.773808, -80.153985
857, #A3CBFF, 25.773808, -80.149985
858, #A3CBFF, 25.773808, -80.145985
859, #A3CBFF, 25.773808, -80.141985
860, #DFDFDF, 25.773808, -80.137985
861, #DFDFDF, 25.773808, -80.133985
862, #FBF3C7, 25.773808, -80.129985
863, #A3CBFF, 25.773808, -80.125985
864, #A3CBFF, 25.773808, -80.121985
865, #A3CBFF, 25.773808, -80.117985
866, #A3CBFF, 25.773808, -80.113985
867, #EFEBE3, 25.777808, -80.313985
868, #F7EFE7, 25.777808, -80.309985
869, #EFEBE3, 25.777808, -80.305985
870, #FFFFFF, 25.777808, -80.301985
871, #FFFFFF, 25.777808, -80.297985
872, #FFFFFF, 25.777808, -80.293985
873, #EFDFC7, 25.777808, -80.289985
874, #DFDFDF, 25.777808, -80.285985
875, #DFDFDF, 25.777808, -80.281985
876, #DFDFDF, 25.777808, -80.277985
877, #DFDFDF, 25.777808, -80.273985
878, #DFDFDF, 25.777808, -80.269985
879, #E7E7E7, 25.777808, -80.265985
880, #DFDFDF, 25.777808, -80.261985
881, #DFDFDF, 25.777808, -80.257985
882, #DFDFDF, 25.777808, -80.253985
883, #DFDFDF, 25.777808, -80.249985
884, #DFDFDF, 25.777808, -80.245985
885, #FFFFFF, 25.777808, -80.241985
886, #DFDFDF, 25.777808, -80.237985
887, #DFDFDF, 25.777808, -80.233985
888, #E3E3DF, 25.777808, -80.229985
889, #DFDFDF, 25.777808, -80.225985
890, #DFDFDF, 25.777808, -80.221985
891, #DFDFDF, 25.777808, -80.217985
892, #DFDFDF, 25.777808, -80.213985
893, #DFDFDF, 25.777808, -80.209985
894, #A3CBFF, 25.777808, -80.205985
895, #DFDFDF, 25.777808, -80.201985
896, #DFDFDF, 25.777808, -80.197985
897, #DFDFDF, 25.777808, -80.193985
898, #D3D3D3, 25.777808, -80.189985
899, #A3CBFF, 25.777808, -80.185985
900, #A3CBFF, 25.777808, -80.181985
901, #DFDFDF, 25.777808, -80.177985
902, #DFDFDF, 25.777808, -80.173985
903, #A3CBFF, 25.777808, -80.169985
904, #A3CBFF, 25.777808, -80.165985
905, #A3CBFF, 25.777808, -80.161985
906, #DFDFDF, 25.777808, -80.157985
907, #A3CBFF, 25.777808, -80.153985
908, #DFDFDF, 25.777808, -80.149985
909, #A3CBFF, 25.777808, -80.145985
910, #DFDFDF, 25.777808, -80.141985
911, #DFDFDF, 25.777808, -80.137985
912, #DFDFDF, 25.777808, -80.133985
913, #CBE7A3, 25.777808, -80.129985
914, #A3CBFF, 25.777808, -80.125985
915, #A3CBFF, 25.777808, -80.121985
916, #A3CBFF, 25.777808, -80.117985
917, #A3CBFF, 25.777808, -80.113985
918, #EFEBE3, 25.781808, -80.313985
919, #EFEBE3, 25.781808, -80.309985
920, #A3CBFF, 25.781808, -80.305985
921, #A3CBFF, 25.781808, -80.301985
922, #A3CBFF, 25.781808, -80.297985
923, #A3CBFF, 25.781808, -80.293985
924, #FBF7F7, 25.781808, -80.289985
925, #EFEBE3, 25.781808, -80.285985
926, #EFEBE3, 25.781808, -80.281985
927, #EFEBE3, 25.781808, -80.277985
928, #A3CBFF, 25.781808, -80.273985
929, #DFDFDF, 25.781808, -80.269985
930, #E7E7E7, 25.781808, -80.265985
931, #FFFFFF, 25.781808, -80.261985
932, #EFE7D3, 25.781808, -80.257985
933, #DFDFDF, 25.781808, -80.253985
934, #DFDFDF, 25.781808, -80.249985
935, #DFDFDF, 25.781808, -80.245985
936, #E7E7E7, 25.781808, -80.241985
937, #DFDFDF, 25.781808, -80.237985
938, #DFDFDF, 25.781808, -80.233985
939, #DFDFDF, 25.781808, -80.229985
940, #DFDFDF, 25.781808, -80.225985
941, #DFDFDF, 25.781808, -80.221985
942, #DFDFDF, 25.781808, -80.217985
943, #DFDFDF, 25.781808, -80.213985
944, #DFDFDF, 25.781808, -80.209985
945, #DFDFDF, 25.781808, -80.205985
946, #DFDFDF, 25.781808, -80.201985
947, #FFFFFF, 25.781808, -80.197985
948, #FFFFFF, 25.781808, -80.193985
949, #DFDFDF, 25.781808, -80.189985
950, #DFDFDF, 25.781808, -80.185985
951, #A3CBFF, 25.781808, -80.181985
952, #A3CBFF, 25.781808, -80.177985
953, #CBE7A3, 25.781808, -80.173985
954, #A3CBFF, 25.781808, -80.169985
955, #DFDFDF, 25.781808, -80.165985
956, #A3CBFF, 25.781808, -80.161985
957, #F7F7F7, 25.781808, -80.157985
958, #A3CBFF, 25.781808, -80.153985
959, #A3CBFF, 25.781808, -80.149985
960, #A3CBFF, 25.781808, -80.145985
961, #DFDFDF, 25.781808, -80.141985
962, #FFFFFF, 25.781808, -80.137985
963, #F7F7F7, 25.781808, -80.133985
964, #CBE7A3, 25.781808, -80.129985
965, #A3CBFF, 25.781808, -80.125985
966, #A3CBFF, 25.781808, -80.121985
967, #A3CBFF, 25.781808, -80.117985
968, #A3CBFF, 25.781808, -80.113985
969, #DFDBD7, 25.785808, -80.313985
970, #EBEBEB, 25.785808, -80.309985
971, #EBEBEB, 25.785808, -80.305985
972, #EBEBEB, 25.785808, -80.301985
973, #EBEBEB, 25.785808, -80.297985
974, #EBEBEB, 25.785808, -80.293985
975, #EBEBEB, 25.785808, -80.289985
976, #EFEFEF, 25.785808, -80.285985
977, #F7F3EF, 25.785808, -80.281985
978, #EBEBEB, 25.785808, -80.277985
979, #EBEBEB, 25.785808, -80.273985
980, #DFDFDF, 25.785808, -80.269985
981, #DFDFDF, 25.785808, -80.265985
982, #FFD79B, 25.785808, -80.261985
983, #EFBB78, 25.785808, -80.257985
984, #FFD79B, 25.785808, -80.253985
985, #E7E7E7, 25.785808, -80.249985
986, #DFDFDF, 25.785808, -80.245985
987, #DFDFDF, 25.785808, -80.241985
988, #DFDFDF, 25.785808, -80.237985
989, #DFDFDF, 25.785808, -80.233985
990, #DFDFDF, 25.785808, -80.229985
991, #DFDFDF, 25.785808, -80.225985
992, #DFDFDF, 25.785808, -80.221985
993, #DFDFDF, 25.785808, -80.217985
994, #FFD79B, 25.785808, -80.213985
995, #EFEFEF, 25.785808, -80.209985
996, #DFDFDF, 25.785808, -80.205985
997, #EBB770, 25.785808, -80.201985
998, #FFFFFF, 25.785808, -80.197985
999, #FFD79B, 25.785808, -80.193985
1000, #EFC380, 25.785808, -80.189985
1001, #EFE7DB, 25.785808, -80.185985
1002, #A3CBFF, 25.785808, -80.181985
1003, #FFFFFF, 25.785808, -80.177985
1004, #CBE7A3, 25.785808, -80.173985
1005, #A3CBFF, 25.785808, -80.169985
1006, #A3CBFF, 25.785808, -80.165985
1007, #A3CBFF, 25.785808, -80.161985
1008, #A3CBFF, 25.785808, -80.157985
1009, #A3CBFF, 25.785808, -80.153985
1010, #A3CBFF, 25.785808, -80.149985
1011, #A3CBFF, 25.785808, -80.145985
1012, #DFDFDF, 25.785808, -80.141985
1013, #DBE7CF, 25.785808, -80.137985
1014, #E3E3DF, 25.785808, -80.133985
1015, #DFDFDF, 25.785808, -80.129985
1016, #A3CBFF, 25.785808, -80.125985
1017, #A3CBFF, 25.785808, -80.121985
1018, #A3CBFF, 25.785808, -80.117985
1019, #A3CBFF, 25.785808, -80.113985
1020, #F3EFEB, 25.789808, -80.313985
1021, #EFEBE3, 25.789808, -80.309985
1022, #DFDBD7, 25.789808, -80.305985
1023, #DFDBD7, 25.789808, -80.301985
1024, #EBEBEB, 25.789808, -80.297985
1025, #EFEFEF, 25.789808, -80.293985
1026, #EBEBEB, 25.789808, -80.289985
1027, #EBEBEB, 25.789808, -80.285985
1028, #DFDBD7, 25.789808, -80.281985
1029, #DFDBD7, 25.789808, -80.277985
1030, #DFDBD7, 25.789808, -80.273985
1031, #EBEBEB, 25.789808, -80.269985
1032, #EBEBEB, 25.789808, -80.265985
1033, #D7E7B7, 25.789808, -80.261985
1034, #CBE7A3, 25.789808, -80.257985
1035, #DFDFDF, 25.789808, -80.253985
1036, #DFDFDF, 25.789808, -80.249985
1037, #DFDFDF, 25.789808, -80.245985
1038, #DFDFDF, 25.789808, -80.241985
1039, #FFFFFF, 25.789808, -80.237985
1040, #A3CBFF, 25.789808, -80.233985
1041, #DFDFDF, 25.789808, -80.229985
1042, #DFDFDF, 25.789808, -80.225985
1043, #DFDFDF, 25.789808, -80.221985
1044, #F3F3F3, 25.789808, -80.217985
1045, #DFDFDF, 25.789808, -80.213985
1046, #DFDFDF, 25.789808, -80.209985
1047, #FFD79B, 25.789808, -80.205985
1048, #DFDFDF, 25.789808, -80.201985
1049, #DFDFDF, 25.789808, -80.197985
1050, #DFDFDF, 25.789808, -80.193985
1051, #DFDFDF, 25.789808, -80.189985
1052, #DFDFDF, 25.789808, -80.185985
1053, #FFFFFF, 25.789808, -80.181985
1054, #DFDFDF, 25.789808, -80.177985
1055, #EFEFEF, 25.789808, -80.173985
1056, #DFDFDF, 25.789808, -80.169985
1057, #A3CBFF, 25.789808, -80.165985
1058, #DFDFDF, 25.789808, -80.161985
1059, #DFDFDF, 25.789808, -80.157985
1060, #DFDFDF, 25.789808, -80.153985
1061, #A3CBFF, 25.789808, -80.149985
1062, #A3CBFF, 25.789808, -80.145985
1063, #EFDFC7, 25.789808, -80.141985
1064, #DFDFDF, 25.789808, -80.137985
1065, #DFDFDF, 25.789808, -80.133985
1066, #EFDFC7, 25.789808, -80.129985
1067, #A3CBFF, 25.789808, -80.125985
1068, #A3CBFF, 25.789808, -80.121985
1069, #A3CBFF, 25.789808, -80.117985
1070, #A3CBFF, 25.789808, -80.113985
1071, #EFEBE3, 25.793808, -80.313985
1072, #EFEBE3, 25.793808, -80.309985
1073, #EFEBE3, 25.793808, -80.305985
1074, #FBFBF7, 25.793808, -80.301985
1075, #EFEFEF, 25.793808, -80.297985
1076, #EBEBEB, 25.793808, -80.293985
1077, #EBEBEB, 25.793808, -80.289985
1078, #DFDBD7, 25.793808, -80.285985
1079, #DFDBD7, 25.793808, -80.281985
1080, #F3EFE7, 25.793808, -80.277985
1081, #E7DFCB, 25.793808, -80.273985
1082, #EBEBEB, 25.793808, -80.269985
1083, #DFDFDF, 25.793808, -80.265985
1084, #A3CBFF, 25.793808, -80.261985
1085, #D7E7B7, 25.793808, -80.257985
1086, #DFDFDF, 25.793808, -80.253985
1087, #E7E7E7, 25.793808, -80.249985
1088, #DFDFDF, 25.793808, -80.245985
1089, #CBDBE7, 25.793808, -80.241985
1090, #FFFFFF, 25.793808, -80.237985
1091, #DBE7CF, 25.793808, -80.233985
1092, #DFDFDF, 25.793808, -80.229985
1093, #EFEFEF, 25.793808, -80.225985
1094, #DFDFDF, 25.793808, -80.221985
1095, #DFDFDF, 25.793808, -80.217985
1096, #EBEBEB, 25.793808, -80.213985
1097, #DFDFDF, 25.793808, -80.209985
1098, #DFDFDF, 25.793808, -80.205985
1099, #EBEBEB, 25.793808, -80.201985
1100, #E3E3DF, 25.793808, -80.197985
1101, #D3E7B3, 25.793808, -80.193985
1102, #DFDFDF, 25.793808, -80.189985
1103, #CBE7A3, 25.793808, -80.185985
1104, #A3CBFF, 25.793808, -80.181985
1105, #A3CBFF, 25.793808, -80.177985
1106, #A3CBFF, 25.793808, -80.173985
1107, #A3CBFF, 25.793808, -80.169985
1108, #A3CBFF, 25.793808, -80.165985
1109, #A3CBFF, 25.793808, -80.161985
1110, #A3CBFF, 25.793808, -80.157985
1111, #A3CBFF, 25.793808, -80.153985
1112, #A3CBFF, 25.793808, -80.149985
1113, #A3CBFF, 25.793808, -80.145985
1114, #DFDFDF, 25.793808, -80.141985
1115, #DFDFDF, 25.793808, -80.137985
1116, #F3EFE7, 25.793808, -80.133985
1117, #EFDFC7, 25.793808, -80.129985
1118, #FBF3C7, 25.793808, -80.125985
1119, #A3CBFF, 25.793808, -80.121985
1120, #A3CBFF, 25.793808, -80.117985
1121, #A3CBFF, 25.793808, -80.113985
1122, #EFEBE3, 25.797808, -80.313985
1123, #EFEBE3, 25.797808, -80.309985
1124, #EFEBE3, 25.797808, -80.305985
1125, #EBEBEB, 25.797808, -80.301985
1126, #DFDBD7, 25.797808, -80.297985
1127, #EBEBEB, 25.797808, -80.293985
1128, #DFDBD7, 25.797808, -80.289985
1129, #DFDBD7, 25.797808, -80.285985
1130, #F3EFE7, 25.797808, -80.281985
1131, #DFDBD7, 25.797808, -80.277985
1132, #F3EFE7, 25.797808, -80.273985
1133, #E3E3E3, 25.797808, -80.269985
1134, #DFDBD7, 25.797808, -80.265985
1135, #E7DFCF, 25.797808, -80.261985
1136, #EFEBE3, 25.797808, -80.257985
1137, #EFEBE3, 25.797808, -80.253985
1138, #EFEBE3, 25.797808, -80.249985
1139, #FFFFFF, 25.797808, -80.245985
1140, #EFEBE3, 25.797808, -80.241985
1141, #DFDFDF, 25.797808, -80.237985
1142, #DFDFDF, 25.797808, -80.233985
1143, #DFDFDF, 25.797808, -80.229985
1144, #DBDBDB, 25.797808, -80.225985
1145, #DFDFDF, 25.797808, -80.221985
1146, #DFDFDF, 25.797808, -80.217985
1147, #FBFBFB, 25.797808, -80.213985
1148, #DFDFDF, 25.797808, -80.209985
1149, #DFDFDF, 25.797808, -80.205985
1150, #F3EFE7, 25.797808, -80.201985
1151, #DFDFDF, 25.797808, -80.197985
1152, #DBDBDB, 25.797808, -80.193985
1153, #DFDFDF, 25.797808, -80.189985
1154, #DFDFDF, 25.797808, -80.185985
1155, #A3CBFF, 25.797808, -80.181985
1156, #A3CBFF, 25.797808, -80.177985
1157, #A3CBFF, 25.797808, -80.173985
1158, #A3CBFF, 25.797808, -80.169985
1159, #A3CBFF, 25.797808, -80.165985
1160, #A3CBFF, 25.797808, -80.161985
1161, #A3CBFF, 25.797808, -80.157985
1162, #A3CBFF, 25.797808, -80.153985
1163, #A3CBFF, 25.797808, -80.149985
1164, #DFDFDF, 25.797808, -80.145985
1165, #DFDFDF, 25.797808, -80.141985
1166, #AFD3EF, 25.797808, -80.137985
1167, #E3E3DF, 25.797808, -80.133985
1168, #DFDFDF, 25.797808, -80.129985
1169, #DFDFDF, 25.797808, -80.125985
1170, #A3CBFF, 25.797808, -80.121985
1171, #A3CBFF, 25.797808, -80.117985
1172, #A3CBFF, 25.797808, -80.113985
1173, #EFEBE3, 25.801808, -80.313985
1174, #EFEBE3, 25.801808, -80.309985
1175, #EFEBE3, 25.801808, -80.305985
1176, #EBEBEB, 25.801808, -80.301985
1177, #EBEBEB, 25.801808, -80.297985
1178, #EBEBEB, 25.801808, -80.293985
1179, #DFDBD7, 25.801808, -80.289985
1180, #EBEBEB, 25.801808, -80.285985
1181, #DFDBD7, 25.801808, -80.281985
1182, #DFDBD7, 25.801808, -80.277985
1183, #DFDBD7, 25.801808, -80.273985
1184, #DFDBD7, 25.801808, -80.269985
1185, #DFDBD7, 25.801808, -80.265985
1186, #EFEBE3, 25.801808, -80.261985
1187, #EFEBE3, 25.801808, -80.257985
1188, #FFFFFF, 25.801808, -80.253985
1189, #EFEBE3, 25.801808, -80.249985
1190, #EFEBE3, 25.801808, -80.245985
1191, #EFEBE3, 25.801808, -80.241985
1192, #FFFFFF, 25.801808, -80.237985
1193, #FFFFFF, 25.801808, -80.233985
1194, #DFDFDF, 25.801808, -80.229985
1195, #DFDFDF, 25.801808, -80.225985
1196, #DFDFDF, 25.801808, -80.221985
1197, #DFDFDF, 25.801808, -80.217985
1198, #DFDFDF, 25.801808, -80.213985
1199, #DFDFDF, 25.801808, -80.209985
1200, #DFDFDF, 25.801808, -80.205985
1201, #EFDFC7, 25.801808, -80.201985
1202, #DFDFDF, 25.801808, -80.197985
1203, #DFDFDF, 25.801808, -80.193985
1204, #DFDFDF, 25.801808, -80.189985
1205, #DFDFDF, 25.801808, -80.185985
1206, #A3CBFF, 25.801808, -80.181985
1207, #A3CBFF, 25.801808, -80.177985
1208, #A3CBFF, 25.801808, -80.173985
1209, #A3CBFF, 25.801808, -80.169985
1210, #A3CBFF, 25.801808, -80.165985
1211, #A3CBFF, 25.801808, -80.161985
1212, #A3CBFF, 25.801808, -80.157985
1213, #A3CBFF, 25.801808, -80.153985
1214, #A3CBFF, 25.801808, -80.149985
1215, #DFDFDF, 25.801808, -80.145985
1216, #DFDFDF, 25.801808, -80.141985
1217, #DBEBC3, 25.801808, -80.137985
1218, #DFDFDF, 25.801808, -80.133985
1219, #DFDFDF, 25.801808, -80.129985
1220, #DFDFDF, 25.801808, -80.125985
1221, #A3CBFF, 25.801808, -80.121985
1222, #A3CBFF, 25.801808, -80.117985
1223, #A3CBFF, 25.801808, -80.113985
1224, #EFEBE3, 25.805808, -80.313985
1225, #F3EFEF, 25.805808, -80.309985
1226, #EFEBE3, 25.805808, -80.305985
1227, #EBEBEB, 25.805808, -80.301985
1228, #EBEBEB, 25.805808, -80.297985
1229, #EBEBEB, 25.805808, -80.293985
1230, #EBEBEB, 25.805808, -80.289985
1231, #EBEBEB, 25.805808, -80.285985
1232, #EBEBEB, 25.805808, -80.281985
1233, #EBEBEB, 25.805808, -80.277985
1234, #DFDBD7, 25.805808, -80.273985
1235, #DFDBD7, 25.805808, -80.269985
1236, #DFDBD7, 25.805808, -80.265985
1237, #DFDFDF, 25.805808, -80.261985
1238, #D3DFEF, 25.805808, -80.257985
1239, #EFEBE3, 25.805808, -80.253985
1240, #EFEBE3, 25.805808, -80.249985
1241, #EFEBE3, 25.805808, -80.245985
1242, #EFEBE3, 25.805808, -80.241985
1243, #DFDFDF, 25.805808, -80.237985
1244, #E7E7E7, 25.805808, -80.233985
1245, #DFDFDF, 25.805808, -80.229985
1246, #E7E7E7, 25.805808, -80.225985
1247, #DFDFDF, 25.805808, -80.221985
1248, #DFDFDF, 25.805808, -80.217985
1249, #DFDFDF, 25.805808, -80.213985
1250, #DFDFDF, 25.805808, -80.209985
1251, #FFD79B, 25.805808, -80.205985
1252, #DFDFDF, 25.805808, -80.201985
1253, #DFDFDF, 25.805808, -80.197985
1254, #FFFFFF, 25.805808, -80.193985
1255, #DFDFDF, 25.805808, -80.189985
1256, #E7E7E7, 25.805808, -80.185985
1257, #A3CBFF, 25.805808, -80.181985
1258, #A3CBFF, 25.805808, -80.177985
1259, #A3CBFF, 25.805808, -80.173985
1260, #A3CBFF, 25.805808, -80.169985
1261, #A3CBFF, 25.805808, -80.165985
1262, #A3CBFF, 25.805808, -80.161985
1263, #A3CBFF, 25.805808, -80.157985
1264, #A3CBFF, 25.805808, -80.153985
1265, #A3CBFF, 25.805808, -80.149985
1266, #A3CBFF, 25.805808, -80.145985
1267, #DFDFDF, 25.805808, -80.141985
1268, #CBE7A7, 25.805808, -80.137985
1269, #D7EBB7, 25.805808, -80.133985
1270, #DFDFDF, 25.805808, -80.129985
1271, #DFDFDF, 25.805808, -80.125985
1272, #A3CBFF, 25.805808, -80.121985
1273, #A3CBFF, 25.805808, -80.117985
1274, #A3CBFF, 25.805808, -80.113985
1275, #EFEBE3, 25.809808, -80.313985
1276, #EFEBE3, 25.809808, -80.309985
1277, #EFEBE3, 25.809808, -80.305985
1278, #DFDFDF, 25.809808, -80.301985
1279, #EFEFEF, 25.809808, -80.297985
1280, #DFDFDF, 25.809808, -80.293985
1281, #DFDFDF, 25.809808, -80.289985
1282, #D7E7B7, 25.809808, -80.285985
1283, #DFDFDF, 25.809808, -80.281985
1284, #E7E7E7, 25.809808, -80.277985
1285, #DFDFDF, 25.809808, -80.273985
1286, #DFDFDF, 25.809808, -80.269985
1287, #DFDFDF, 25.809808, -80.265985
1288, #DFDFDF, 25.809808, -80.261985
1289, #EFC380, 25.809808, -80.257985
1290, #EFEBE3, 25.809808, -80.253985
1291, #EFEBE3, 25.809808, -80.249985
1292, #F3EFE7, 25.809808, -80.245985
1293, #EFEBE3, 25.809808, -80.241985
1294, #DFDFDF, 25.809808, -80.237985
1295, #DFDFDF, 25.809808, -80.233985
1296, #DFDFDF, 25.809808, -80.229985
1297, #F7F7F7, 25.809808, -80.225985
1298, #DFDFDF, 25.809808, -80.221985
1299, #FFEFB7, 25.809808, -80.217985
1300, #FFEFB7, 25.809808, -80.213985
1301, #FFFFFF, 25.809808, -80.209985
1302, #FFD79B, 25.809808, -80.205985
1303, #DFDFDF, 25.809808, -80.201985
1304, #DFDFDF, 25.809808, -80.197985
1305, #F3EFE7, 25.809808, -80.193985
1306, #DFDFDF, 25.809808, -80.189985
1307, #DFDFDF, 25.809808, -80.185985
1308, #A3CBFF, 25.809808, -80.181985
1309, #A3CBFF, 25.809808, -80.177985
1310, #A3CBFF, 25.809808, -80.173985
1311, #A3CBFF, 25.809808, -80.169985
1312, #A3CBFF, 25.809808, -80.165985
1313, #A3CBFF, 25.809808, -80.161985
1314, #A3CBFF, 25.809808, -80.157985
1315, #A3CBFF, 25.809808, -80.153985
1316, #A3CBFF, 25.809808, -80.149985
1317, #A3CBFF, 25.809808, -80.145985
1318, #A3CBFF, 25.809808, -80.141985
1319, #A3CBFF, 25.809808, -80.137985
1320, #A3CBFF, 25.809808, -80.133985
1321, #DFDFDF, 25.809808, -80.129985
1322, #DFDFDF, 25.809808, -80.125985
1323, #FBF3C7, 25.809808, -80.121985
1324, #A3CBFF, 25.809808, -80.117985
1325, #A3CBFF, 25.809808, -80.113985
1326, #EFEBE3, 25.813808, -80.313985
1327, #EFEBE3, 25.813808, -80.309985
1328, #EFEBE3, 25.813808, -80.305985
1329, #DFDFDF, 25.813808, -80.301985
1330, #DFDFDF, 25.813808, -80.297985
1331, #D7E7B7, 25.813808, -80.293985
1332, #D7E7B7, 25.813808, -80.289985
1333, #D7E7B7, 25.813808, -80.285985
1334, #DFDFDF, 25.813808, -80.281985
1335, #DFDFDF, 25.813808, -80.277985
1336, #E3E3DF, 25.813808, -80.273985
1337, #DFDFDF, 25.813808, -80.269985
1338, #DFDFDF, 25.813808, -80.265985
1339, #DFE7D3, 25.813808, -80.261985
1340, #DFDFDF, 25.813808, -80.257985
1341, #DFDFDF, 25.813808, -80.253985
1342, #DFDFDF, 25.813808, -80.249985
1343, #D7E7B7, 25.813808, -80.245985
1344, #DFDFDF, 25.813808, -80.241985
1345, #DFDFDF, 25.813808, -80.237985
1346, #DFDFDF, 25.813808, -80.233985
1347, #DFDFDF, 25.813808, -80.229985
1348, #DFDFDF, 25.813808, -80.225985
1349, #DFDFDF, 25.813808, -80.221985
1350, #E7E7E7, 25.813808, -80.217985
1351, #DFDFDF, 25.813808, -80.213985
1352, #DFDFDF, 25.813808, -80.209985
1353, #FFD79B, 25.813808, -80.205985
1354, #DFDFDF, 25.813808, -80.201985
1355, #DFDFDF, 25.813808, -80.197985
1356, #DFDFDF, 25.813808, -80.193985
1357, #F3F3F3, 25.813808, -80.189985
1358, #DFDFDF, 25.813808, -80.185985
1359, #A3CBFF, 25.813808, -80.181985
1360, #A3CBFF, 25.813808, -80.177985
1361, #A3CBFF, 25.813808, -80.173985
1362, #A3CBFF, 25.813808, -80.169985
1363, #A3CBFF, 25.813808, -80.165985
1364, #A3CBFF, 25.813808, -80.161985
1365, #A3CBFF, 25.813808, -80.157985
1366, #A3CBFF, 25.813808, -80.153985
1367, #A3CBFF, 25.813808, -80.149985
1368, #A3CBFF, 25.813808, -80.145985
1369, #DFDFDF, 25.813808, -80.141985
1370, #DFDFDF, 25.813808, -80.137985
1371, #FFFFFF, 25.813808, -80.133985
1372, #FFFFFF, 25.813808, -80.129985
1373, #DFDFDF, 25.813808, -80.125985
1374, #DFDFDF, 25.813808, -80.121985
1375, #A3CBFF, 25.813808, -80.117985
1376, #A3CBFF, 25.813808, -80.113985
1377, #EFEBE3, 25.817808, -80.313985
1378, #EFEBE3, 25.817808, -80.309985
1379, #DFDFDB, 25.817808, -80.305985
1380, #DFDFDF, 25.817808, -80.301985
1381, #DFDFDF, 25.817808, -80.297985
1382, #DFDFDF, 25.817808, -80.293985
1383, #DFDFDF, 25.817808, -80.289985
1384, #DFDFDF, 25.817808, -80.285985
1385, #DFDFDF, 25.817808, -80.281985
1386, #FBFFFB, 25.817808, -80.277985
1387, #FFEFB7, 25.817808, -80.273985
1388, #DFDFDF, 25.817808, -80.269985
1389, #DFDFDF, 25.817808, -80.265985
1390, #E3E3E3, 25.817808, -80.261985
1391, #EFEFEF, 25.817808, -80.257985
1392, #DFDFDF, 25.817808, -80.253985
1393, #DFDFDF, 25.817808, -80.249985
1394, #D7E7B7, 25.817808, -80.245985
1395, #DFDFDF, 25.817808, -80.241985
1396, #DFDFDF, 25.817808, -80.237985
1397, #DFDFDF, 25.817808, -80.233985
1398, #DFDFDF, 25.817808, -80.229985
1399, #DFDFDF, 25.817808, -80.225985
1400, #DFDFDF, 25.817808, -80.221985
1401, #E3E3DF, 25.817808, -80.217985
1402, #F7F7F7, 25.817808, -80.213985
1403, #EFEFEF, 25.817808, -80.209985
1404, #FFD79B, 25.817808, -80.205985
1405, #F7F7F7, 25.817808, -80.201985
1406, #FFFFFF, 25.817808, -80.197985
1407, #FFFFFF, 25.817808, -80.193985
1408, #DFDFDF, 25.817808, -80.189985
1409, #DFDFDF, 25.817808, -80.185985
1410, #DFDFDF, 25.817808, -80.181985
1411, #A3CBFF, 25.817808, -80.177985
1412, #A3CBFF, 25.817808, -80.173985
1413, #A3CBFF, 25.817808, -80.169985
1414, #A3CBFF, 25.817808, -80.165985
1415, #A3CBFF, 25.817808, -80.161985
1416, #A3CBFF, 25.817808, -80.157985
1417, #A3CBFF, 25.817808, -80.153985
1418, #A3CBFF, 25.817808, -80.149985
1419, #A3CBFF, 25.817808, -80.145985
1420, #A3CBFF, 25.817808, -80.141985
1421, #DFDFDF, 25.817808, -80.137985
1422, #DFDFDF, 25.817808, -80.133985
1423, #DFDFDF, 25.817808, -80.129985
1424, #EFEFEF, 25.817808, -80.125985
1425, #F3EFE7, 25.817808, -80.121985
1426, #A3CBFF, 25.817808, -80.117985
1427, #A3CBFF, 25.817808, -80.113985
1428, #EFEBE3, 25.821808, -80.313985
1429, #EFEBE3, 25.821808, -80.309985
1430, #A3CBFF, 25.821808, -80.305985
1431, #DFDFDF, 25.821808, -80.301985
1432, #DFDFDF, 25.821808, -80.297985
1433, #DFDFDF, 25.821808, -80.293985
1434, #EFEFEF, 25.821808, -80.289985
1435, #E7E7E7, 25.821808, -80.285985
1436, #F7F7F7, 25.821808, -80.281985
1437, #DFDFDF, 25.821808, -80.277985
1438, #DFDFDF, 25.821808, -80.273985
1439, #DFDFDF, 25.821808, -80.269985
1440, #DFDFDF, 25.821808, -80.265985
1441, #DFDFDF, 25.821808, -80.261985
1442, #DFDFDF, 25.821808, -80.257985
1443, #DFDFDF, 25.821808, -80.253985
1444, #DFDFDF, 25.821808, -80.249985
1445, #DFDFDF, 25.821808, -80.245985
1446, #DFDFDF, 25.821808, -80.241985
1447, #E3E3DF, 25.821808, -80.237985
1448, #DFDFDF, 25.821808, -80.233985
1449, #DFDFDF, 25.821808, -80.229985
1450, #DFDFDF, 25.821808, -80.225985
1451, #DFDFDF, 25.821808, -80.221985
1452, #DFDFDF, 25.821808, -80.217985
1453, #DFDFDF, 25.821808, -80.213985
1454, #DFDFDF, 25.821808, -80.209985
1455, #EFEFEF, 25.821808, -80.205985
1456, #DFDFDF, 25.821808, -80.201985
1457, #DFDFDF, 25.821808, -80.197985
1458, #DFDFDF, 25.821808, -80.193985
1459, #DFDFDF, 25.821808, -80.189985
1460, #DFDFDF, 25.821808, -80.185985
1461, #DFDFDF, 25.821808, -80.181985
1462, #A3CBFF, 25.821808, -80.177985
1463, #A3CBFF, 25.821808, -80.173985
1464, #A3CBFF, 25.821808, -80.169985
1465, #A3CBFF, 25.821808, -80.165985
1466, #A3CBFF, 25.821808, -80.161985
1467, #A3CBFF, 25.821808, -80.157985
1468, #A3CBFF, 25.821808, -80.153985
1469, #A3CBFF, 25.821808, -80.149985
1470, #A3CBFF, 25.821808, -80.145985
1471, #A3CBFF, 25.821808, -80.141985
1472, #A3CBFF, 25.821808, -80.137985
1473, #DFDFDF, 25.821808, -80.133985
1474, #FFFFFF, 25.821808, -80.129985
1475, #FFFFFF, 25.821808, -80.125985
1476, #DFDFDF, 25.821808, -80.121985
1477, #A3CBFF, 25.821808, -80.117985
1478, #A3CBFF, 25.821808, -80.113985
1479, #EFEBE3, 25.825808, -80.313985
1480, #EFEBE3, 25.825808, -80.309985
1481, #A3CBFF, 25.825808, -80.305985
1482, #F7F7F7, 25.825808, -80.301985
1483, #DFDFDF, 25.825808, -80.297985
1484, #DFDFDF, 25.825808, -80.293985
1485, #DFDFDF, 25.825808, -80.289985
1486, #DFDFDF, 25.825808, -80.285985
1487, #DFDFDF, 25.825808, -80.281985
1488, #DFDFDF, 25.825808, -80.277985
1489, #DFDFDF, 25.825808, -80.273985
1490, #F7F7F7, 25.825808, -80.269985
1491, #DFDFDF, 25.825808, -80.265985
1492, #DFDFDF, 25.825808, -80.261985
1493, #DFDFDF, 25.825808, -80.257985
1494, #DFDFDF, 25.825808, -80.253985
1495, #DFDFDF, 25.825808, -80.249985
1496, #DFDFDF, 25.825808, -80.245985
1497, #DFDFDF, 25.825808, -80.241985
1498, #DFDFDF, 25.825808, -80.237985
1499, #DFDFDF, 25.825808, -80.233985
1500, #F7F7F7, 25.825808, -80.229985
1501, #DFDFDF, 25.825808, -80.225985
1502, #DFDFDF, 25.825808, -80.221985
1503, #DFDFDF, 25.825808, -80.217985
1504, #DFDFDF, 25.825808, -80.213985
1505, #DFDFDF, 25.825808, -80.209985
1506, #DFDFDF, 25.825808, -80.205985
1507, #DFDFDF, 25.825808, -80.201985
1508, #F7F7F7, 25.825808, -80.197985
1509, #DFDFDF, 25.825808, -80.193985
1510, #DFDFDF, 25.825808, -80.189985
1511, #DFDFDF, 25.825808, -80.185985
1512, #DFDFDF, 25.825808, -80.181985
1513, #A3CBFF, 25.825808, -80.177985
1514, #A3CBFF, 25.825808, -80.173985
1515, #A3CBFF, 25.825808, -80.169985
1516, #A3CBFF, 25.825808, -80.165985
1517, #A3CBFF, 25.825808, -80.161985
1518, #A3CBFF, 25.825808, -80.157985
1519, #A3CBFF, 25.825808, -80.153985
1520, #A3CBFF, 25.825808, -80.149985
1521, #A3CBFF, 25.825808, -80.145985
1522, #A3CBFF, 25.825808, -80.141985
1523, #A3CBFF, 25.825808, -80.137985
1524, #DFDFDF, 25.825808, -80.133985
1525, #DFDFDF, 25.825808, -80.129985
1526, #BFD7EF, 25.825808, -80.125985
1527, #FFEBAF, 25.825808, -80.121985
1528, #A3CBFF, 25.825808, -80.117985
1529, #A3CBFF, 25.825808, -80.113985
1530, #FFFFFF, 25.829808, -80.313985
1531, #EFEBE3, 25.829808, -80.309985
1532, #EFEBE3, 25.829808, -80.305985
1533, #F7F7F7, 25.829808, -80.301985
1534, #F7F7F7, 25.829808, -80.297985
1535, #EFEFEF, 25.829808, -80.293985
1536, #FFEFB7, 25.829808, -80.289985
1537, #FFFFFF, 25.829808, -80.285985
1538, #FFFFFF, 25.829808, -80.281985
1539, #DFDFDF, 25.829808, -80.277985
1540, #DFDFDF, 25.829808, -80.273985
1541, #DFDFDF, 25.829808, -80.269985
1542, #DFDFDF, 25.829808, -80.265985
1543, #DFDFDF, 25.829808, -80.261985
1544, #DBDBDB, 25.829808, -80.257985
1545, #DFDFDF, 25.829808, -80.253985
1546, #CBE7A3, 25.829808, -80.249985
1547, #DFDFDF, 25.829808, -80.245985
1548, #DFDFDF, 25.829808, -80.241985
1549, #EFEFEF, 25.829808, -80.237985
1550, #DFDFDF, 25.829808, -80.233985
1551, #DFDFDF, 25.829808, -80.229985
1552, #DFDFDF, 25.829808, -80.225985
1553, #DFDFDF, 25.829808, -80.221985
1554, #DFDFDF, 25.829808, -80.217985
1555, #DFDFDF, 25.829808, -80.213985
1556, #DFDFDF, 25.829808, -80.209985
1557, #FFD79B, 25.829808, -80.205985
1558, #DFDFDF, 25.829808, -80.201985
1559, #DFDFDF, 25.829808, -80.197985
1560, #DFDFDF, 25.829808, -80.193985
1561, #FFFFFF, 25.829808, -80.189985
1562, #DFDFDF, 25.829808, -80.185985
1563, #DFDFDF, 25.829808, -80.181985
1564, #A3CBFF, 25.829808, -80.177985
1565, #A3CBFF, 25.829808, -80.173985
1566, #A3CBFF, 25.829808, -80.169985
1567, #A3CBFF, 25.829808, -80.165985
1568, #A3CBFF, 25.829808, -80.161985
1569, #A3CBFF, 25.829808, -80.157985
1570, #A3CBFF, 25.829808, -80.153985
1571, #A3CBFF, 25.829808, -80.149985
1572, #A3CBFF, 25.829808, -80.145985
1573, #A3CBFF, 25.829808, -80.141985
1574, #A3CBFF, 25.829808, -80.137985
1575, #A3CBFF, 25.829808, -80.133985
1576, #DFDFDF, 25.829808, -80.129985
1577, #D7E7B7, 25.829808, -80.125985
1578, #F7F3E3, 25.829808, -80.121985
1579, #A3CBFF, 25.829808, -80.117985
1580, #A3CBFF, 25.829808, -80.113985
1581, #FFFFFF, 25.833808, -80.313985
1582, #EFEBE3, 25.833808, -80.309985
1583, #E7E7E3, 25.833808, -80.305985
1584, #DFDFDF, 25.833808, -80.301985
1585, #DFDFDF, 25.833808, -80.297985
1586, #DFDFDF, 25.833808, -80.293985
1587, #DFDFDF, 25.833808, -80.289985
1588, #DFDFDF, 25.833808, -80.285985
1589, #DFDFDF, 25.833808, -80.281985
1590, #DFDFDF, 25.833808, -80.277985
1591, #FFFFFF, 25.833808, -80.273985
1592, #DFDFDF, 25.833808, -80.269985
1593, #DFDFDF, 25.833808, -80.265985
1594, #DFDFDF, 25.833808, -80.261985
1595, #DFDFDF, 25.833808, -80.257985
1596, #DFDFDF, 25.833808, -80.253985
1597, #DFDFDF, 25.833808, -80.249985
1598, #DFDFDF, 25.833808, -80.245985
1599, #DFDFDF, 25.833808, -80.241985
1600, #DFDFDF, 25.833808, -80.237985
1601, #FFFFFF, 25.833808, -80.233985
1602, #F3F3F3, 25.833808, -80.229985
1603, #DFDFDF, 25.833808, -80.225985
1604, #DFDFDF, 25.833808, -80.221985
1605, #DFDFDF, 25.833808, -80.217985
1606, #DFDFDF, 25.833808, -80.213985
1607, #FFFFFF, 25.833808, -80.209985
1608, #FFD79B, 25.833808, -80.205985
1609, #DFDFDF, 25.833808, -80.201985
1610, #FFFFFF, 25.833808, -80.197985
1611, #DFDFDF, 25.833808, -80.193985
1612, #DBEBC3, 25.833808, -80.189985
1613, #DFDFDF, 25.833808, -80.185985
1614, #DFDFDF, 25.833808, -80.181985
1615, #A3CBFF, 25.833808, -80.177985
1616, #A3CBFF, 25.833808, -80.173985
1617, #A3CBFF, 25.833808, -80.169985
1618, #A3CBFF, 25.833808, -80.165985
1619, #A3CBFF, 25.833808, -80.161985
1620, #A3CBFF, 25.833808, -80.157985
1621, #A3CBFF, 25.833808, -80.153985
1622, #A3CBFF, 25.833808, -80.149985
1623, #A3CBFF, 25.833808, -80.145985
1624, #A3CBFF, 25.833808, -80.141985
1625, #A3CBFF, 25.833808, -80.137985
1626, #A3CBFF, 25.833808, -80.133985
1627, #FBFBFB, 25.833808, -80.129985
1628, #D7E7B7, 25.833808, -80.125985
1629, #A3CBFF, 25.833808, -80.121985
1630, #A3CBFF, 25.833808, -80.117985
1631, #A3CBFF, 25.833808, -80.113985
1632, #FFFFFF, 25.837808, -80.313985
1633, #DBDBD7, 25.837808, -80.309985
1634, #DFDFDF, 25.837808, -80.305985
1635, #EFEFEF, 25.837808, -80.301985
1636, #FFFFFF, 25.837808, -80.297985
1637, #DFDFDF, 25.837808, -80.293985
1638, #FFEBAF, 25.837808, -80.289985
1639, #DFDFDF, 25.837808, -80.285985
1640, #FFFFFF, 25.837808, -80.281985
1641, #DFDFDF, 25.837808, -80.277985
1642, #FFFFFF, 25.837808, -80.273985
1643, #DFDFDF, 25.837808, -80.269985
1644, #E7E7E7, 25.837808, -80.265985
1645, #DFDFDF, 25.837808, -80.261985
1646, #DFDFDF, 25.837808, -80.257985
1647, #DFDFDF, 25.837808, -80.253985
1648, #DFDFDF, 25.837808, -80.249985
1649, #DFDFDF, 25.837808, -80.245985
1650, #DFDFDF, 25.837808, -80.241985
1651, #EFEFEF, 25.837808, -80.237985
1652, #CBE7A3, 25.837808, -80.233985
1653, #DFDFDF, 25.837808, -80.229985
1654, #EFEFEF, 25.837808, -80.225985
1655, #DFDFDF, 25.837808, -80.221985
1656, #DFDFDF, 25.837808, -80.217985
1657, #EFEFEF, 25.837808, -80.213985
1658, #FFFFFF, 25.837808, -80.209985
1659, #FFD79B, 25.837808, -80.205985
1660, #DFDFDF, 25.837808, -80.201985
1661, #DFDFDF, 25.837808, -80.197985
1662, #EFEFEF, 25.837808, -80.193985
1663, #DFDFDF, 25.837808, -80.189985
1664, #DFDFDF, 25.837808, -80.185985
1665, #DFDFDF, 25.837808, -80.181985
1666, #A3CBFF, 25.837808, -80.177985
1667, #A3CBFF, 25.837808, -80.173985
1668, #A3CBFF, 25.837808, -80.169985
1669, #A3CBFF, 25.837808, -80.165985
1670, #A3CBFF, 25.837808, -80.161985
1671, #A3CBFF, 25.837808, -80.157985
1672, #A3CBFF, 25.837808, -80.153985
1673, #A3CBFF, 25.837808, -80.149985
1674, #A3CBFF, 25.837808, -80.145985
1675, #A3CBFF, 25.837808, -80.141985
1676, #A3CBFF, 25.837808, -80.137985
1677, #A3CBFF, 25.837808, -80.133985
1678, #D7E7B7, 25.837808, -80.129985
1679, #D7E7B7, 25.837808, -80.125985
1680, #A3CBFF, 25.837808, -80.121985
1681, #A3CBFF, 25.837808, -80.117985
1682, #A3CBFF, 25.837808, -80.113985
1683, #DFDFDF, 25.841808, -80.313985
1684, #DFDFDF, 25.841808, -80.309985
1685, #FFEFB7, 25.841808, -80.305985
1686, #DFDFDF, 25.841808, -80.301985
1687, #E7E7E7, 25.841808, -80.297985
1688, #DFDFDF, 25.841808, -80.293985
1689, #FFEBAF, 25.841808, -80.289985
1690, #FFFFFF, 25.841808, -80.285985
1691, #E7E7E7, 25.841808, -80.281985
1692, #DFDFDF, 25.841808, -80.277985
1693, #FFFFFF, 25.841808, -80.273985
1694, #E3E3E3, 25.841808, -80.269985
1695, #FFEBAF, 25.841808, -80.265985
1696, #F7F7F7, 25.841808, -80.261985
1697, #E7E7E7, 25.841808, -80.257985
1698, #DFDFDF, 25.841808, -80.253985
1699, #D3D3D3, 25.841808, -80.249985
1700, #DFDFDF, 25.841808, -80.245985
1701, #DFDFDF, 25.841808, -80.241985
1702, #DFDFDF, 25.841808, -80.237985
1703, #DFDFDF, 25.841808, -80.233985
1704, #DFDFDF, 25.841808, -80.229985
1705, #DFDFDF, 25.841808, -80.225985
1706, #DFDFDF, 25.841808, -80.221985
1707, #DFDFDF, 25.841808, -80.217985
1708, #FFFFFF, 25.841808, -80.213985
1709, #DFDFDF, 25.841808, -80.209985
1710, #FFD79B, 25.841808, -80.205985
1711, #DFDFDF, 25.841808, -80.201985
1712, #DFDFDF, 25.841808, -80.197985
1713, #D7D7D7, 25.841808, -80.193985
1714, #E3E3E3, 25.841808, -80.189985
1715, #DFDFDF, 25.841808, -80.185985
1716, #DFDFDF, 25.841808, -80.181985
1717, #DFDFDF, 25.841808, -80.177985
1718, #A3CBFF, 25.841808, -80.173985
1719, #A3CBFF, 25.841808, -80.169985
1720, #A3CBFF, 25.841808, -80.165985
1721, #A3CBFF, 25.841808, -80.161985
1722, #A3CBFF, 25.841808, -80.157985
1723, #A3CBFF, 25.841808, -80.153985
1724, #A3CBFF, 25.841808, -80.149985
1725, #A3CBFF, 25.841808, -80.145985
1726, #A3CBFF, 25.841808, -80.141985
1727, #A3CBFF, 25.841808, -80.137985
1728, #A3CBFF, 25.841808, -80.133985
1729, #DFDFDF, 25.841808, -80.129985
1730, #FFFFFF, 25.841808, -80.125985
1731, #A3CBFF, 25.841808, -80.121985
1732, #A3CBFF, 25.841808, -80.117985
1733, #A3CBFF, 25.841808, -80.113985
1734, #DFDFDF, 25.845808, -80.313985
1735, #DFDFDF, 25.845808, -80.309985
1736, #DFDFDF, 25.845808, -80.305985
1737, #DFDFDF, 25.845808, -80.301985
1738, #DFDFDF, 25.845808, -80.297985
1739, #DFDFDF, 25.845808, -80.293985
1740, #DFDFDF, 25.845808, -80.289985
1741, #DFDFDF, 25.845808, -80.285985
1742, #DFDFDF, 25.845808, -80.281985
1743, #DFDFDF, 25.845808, -80.277985
1744, #DFDFDF, 25.845808, -80.273985
1745, #FFFBFB, 25.845808, -80.269985
1746, #E3D3A7, 25.845808, -80.265985
1747, #DFDFDF, 25.845808, -80.261985
1748, #DFDFDF, 25.845808, -80.257985
1749, #E3CF97, 25.845808, -80.253985
1750, #FFEBAF, 25.845808, -80.249985
1751, #FFFFFF, 25.845808, -80.245985
1752, #DFDFDF, 25.845808, -80.241985
1753, #DFDFDF, 25.845808, -80.237985
1754, #DFDFDF, 25.845808, -80.233985
1755, #DFDFDF, 25.845808, -80.229985
1756, #DFDFDF, 25.845808, -80.225985
1757, #DFDFDF, 25.845808, -80.221985
1758, #DFDFDF, 25.845808, -80.217985
1759, #DFDFDF, 25.845808, -80.213985
1760, #DFDFDF, 25.845808, -80.209985
1761, #DFDFDF, 25.845808, -80.205985
1762, #DFDFDF, 25.845808, -80.201985
1763, #DFDFDF, 25.845808, -80.197985
1764, #DFDFDF, 25.845808, -80.193985
1765, #EFEFEF, 25.845808, -80.189985
1766, #F7F7F7, 25.845808, -80.185985
1767, #E3E3E3, 25.845808, -80.181985
1768, #DFDFDF, 25.845808, -80.177985
1769, #DFDFDF, 25.845808, -80.173985
1770, #A3CBFF, 25.845808, -80.169985
1771, #A3CBFF, 25.845808, -80.165985
1772, #A3CBFF, 25.845808, -80.161985
1773, #DFDFDF, 25.845808, -80.157985
1774, #F7F7F7, 25.845808, -80.153985
1775, #DFDFDF, 25.845808, -80.149985
1776, #DFDFDF, 25.845808, -80.145985
1777, #A3CBFF, 25.845808, -80.141985
1778, #A3CBFF, 25.845808, -80.137985
1779, #A3CBFF, 25.845808, -80.133985
1780, #A3CBFF, 25.845808, -80.129985
1781, #DFDFDF, 25.845808, -80.125985
1782, #A3CBFF, 25.845808, -80.121985
1783, #A3CBFF, 25.845808, -80.117985
1784, #A3CBFF, 25.845808, -80.113985
1785, #F3F3F3, 25.849808, -80.313985
1786, #F7F7F7, 25.849808, -80.309985
1787, #F7F7F7, 25.849808, -80.305985
1788, #F7F7F7, 25.849808, -80.301985
1789, #F7F7F7, 25.849808, -80.297985
1790, #DFDFDF, 25.849808, -80.293985
1791, #EBD79B, 25.849808, -80.289985
1792, #DFDFDF, 25.849808, -80.285985
1793, #DFDFDF, 25.849808, -80.281985
1794, #DFDFDF, 25.849808, -80.277985
1795, #DFDFDF, 25.849808, -80.273985
1796, #DFDFDF, 25.849808, -80.269985
1797, #E7E7E7, 25.849808, -80.265985
1798, #DFDFDF, 25.849808, -80.261985
1799, #DFDFDF, 25.849808, -80.257985
1800, #DFDFDF, 25.849808, -80.253985
1801, #FFFFFF, 25.849808, -80.249985
1802, #DFDFDF, 25.849808, -80.245985
1803, #FFEBAF, 25.849808, -80.241985
1804, #DFDFDF, 25.849808, -80.237985
1805, #DFDFDF, 25.849808, -80.233985
1806, #DFDFDF, 25.849808, -80.229985
1807, #DFDFDF, 25.849808, -80.225985
1808, #DFDFDF, 25.849808, -80.221985
1809, #DFDFDF, 25.849808, -80.217985
1810, #E3E3DF, 25.849808, -80.213985
1811, #DFDFDF, 25.849808, -80.209985
1812, #DFDFDF, 25.849808, -80.205985
1813, #DFDFDF, 25.849808, -80.201985
1814, #FFFFFF, 25.849808, -80.197985
1815, #FFFFFF, 25.849808, -80.193985
1816, #DFDFDF, 25.849808, -80.189985
1817, #DFDFDF, 25.849808, -80.185985
1818, #DFDFDF, 25.849808, -80.181985
1819, #DFDFDF, 25.849808, -80.177985
1820, #DFDFDF, 25.849808, -80.173985
1821, #A3CBFF, 25.849808, -80.169985
1822, #A3CBFF, 25.849808, -80.165985
1823, #A3CBFF, 25.849808, -80.161985
1824, #EFEBDF, 25.849808, -80.157985
1825, #A3CBFF, 25.849808, -80.153985
1826, #A3CBFF, 25.849808, -80.149985
1827, #A3CBFF, 25.849808, -80.145985
1828, #DFDFDF, 25.849808, -80.141985
1829, #DFDFDF, 25.849808, -80.137985
1830, #A3CBFF, 25.849808, -80.133985
1831, #DFDFDF, 25.849808, -80.129985
1832, #A3CBFF, 25.849808, -80.125985
1833, #DFDFDF, 25.849808, -80.121985
1834, #A3CBFF, 25.849808, -80.117985
1835, #A3CBFF, 25.849808, -80.113985
1836, #DFDFDF, 25.853808, -80.313985
1837, #DFDFDF, 25.853808, -80.309985
1838, #DFDFDF, 25.853808, -80.305985
1839, #DFDFDF, 25.853808, -80.301985
1840, #DFDFDF, 25.853808, -80.297985
1841, #F7F7F7, 25.853808, -80.293985
1842, #DFDFDF, 25.853808, -80.289985
1843, #F7F7F7, 25.853808, -80.285985
1844, #DFDFDF, 25.853808, -80.281985
1845, #DFDFDF, 25.853808, -80.277985
1846, #DFDFDF, 25.853808, -80.273985
1847, #DFDFDF, 25.853808, -80.269985
1848, #DFDFDF, 25.853808, -80.265985
1849, #DFDFDF, 25.853808, -80.261985
1850, #DFDFDF, 25.853808, -80.257985
1851, #DFDFDF, 25.853808, -80.253985
1852, #DFDFDF, 25.853808, -80.249985
1853, #DFDFDF, 25.853808, -80.245985
1854, #FFEBAF, 25.853808, -80.241985
1855, #DFDFDF, 25.853808, -80.237985
1856, #FFFFFF, 25.853808, -80.233985
1857, #FFFFFF, 25.853808, -80.229985
1858, #DFDFDF, 25.853808, -80.225985
1859, #DFDFDF, 25.853808, -80.221985
1860, #DFDFDF, 25.853808, -80.217985
1861, #DFDFDF, 25.853808, -80.213985
1862, #DFDFDF, 25.853808, -80.209985
1863, #BFDFBB, 25.853808, -80.205985
1864, #DFDFDF, 25.853808, -80.201985
1865, #DFDFDF, 25.853808, -80.197985
1866, #DFDFDF, 25.853808, -80.193985
1867, #DFDFDF, 25.853808, -80.189985
1868, #DFDFDF, 25.853808, -80.185985
1869, #DFDFDF, 25.853808, -80.181985
1870, #DFDFDF, 25.853808, -80.177985
1871, #E7E7E7, 25.853808, -80.173985
1872, #A3CBFF, 25.853808, -80.169985
1873, #A3CBFF, 25.853808, -80.165985
1874, #A3CBFF, 25.853808, -80.161985
1875, #DFDFDF, 25.853808, -80.157985
1876, #A3CBFF, 25.853808, -80.153985
1877, #A3CBFF, 25.853808, -80.149985
1878, #A3CBFF, 25.853808, -80.145985
1879, #DFDFDF, 25.853808, -80.141985
1880, #FBFBFB, 25.853808, -80.137985
1881, #DFDFDF, 25.853808, -80.133985
1882, #DFDFDF, 25.853808, -80.129985
1883, #EFE7DF, 25.853808, -80.125985
1884, #DFDFDF, 25.853808, -80.121985
1885, #A3CBFF, 25.853808, -80.117985
1886, #A3CBFF, 25.853808, -80.113985
1887, #DFDFDF, 25.857808, -80.313985
1888, #DFDFDF, 25.857808, -80.309985
1889, #DFDFDF, 25.857808, -80.305985
1890, #DFDFDF, 25.857808, -80.301985
1891, #DFDFDF, 25.857808, -80.297985
1892, #DFDFDF, 25.857808, -80.293985
1893, #DFDFDF, 25.857808, -80.289985
1894, #DFDFDF, 25.857808, -80.285985
1895, #DFDFDF, 25.857808, -80.281985
1896, #DFDFDF, 25.857808, -80.277985
1897, #DFDFDF, 25.857808, -80.273985
1898, #DFDFDF, 25.857808, -80.269985
1899, #DFDFDF, 25.857808, -80.265985
1900, #DFDFDF, 25.857808, -80.261985
1901, #D7D7D7, 25.857808, -80.257985
1902, #DFDFDF, 25.857808, -80.253985
1903, #DFDFDF, 25.857808, -80.249985
1904, #DFDFDF, 25.857808, -80.245985
1905, #EFDFAF, 25.857808, -80.241985
1906, #E7E7E7, 25.857808, -80.237985
1907, #FFFFFF, 25.857808, -80.233985
1908, #DFDFDF, 25.857808, -80.229985
1909, #DFDFDF, 25.857808, -80.225985
1910, #DFDFDF, 25.857808, -80.221985
1911, #FFFFFF, 25.857808, -80.217985
1912, #DFDFDF, 25.857808, -80.213985
1913, #DFDFDF, 25.857808, -80.209985
1914, #EFEBE3, 25.857808, -80.205985
1915, #DFDFDF, 25.857808, -80.201985
1916, #DFDFDF, 25.857808, -80.197985
1917, #DFDFDF, 25.857808, -80.193985
1918, #FFFFFF, 25.857808, -80.189985
1919, #DFDFDF, 25.857808, -80.185985
1920, #DFDFDF, 25.857808, -80.181985
1921, #FFFFFF, 25.857808, -80.177985
1922, #EFEBE3, 25.857808, -80.173985
1923, #A3CBFF, 25.857808, -80.169985
1924, #A3CBFF, 25.857808, -80.165985
1925, #A3CBFF, 25.857808, -80.161985
1926, #A3CBFF, 25.857808, -80.157985
1927, #A3CBFF, 25.857808, -80.153985
1928, #A3CBFF, 25.857808, -80.149985
1929, #A3CBFF, 25.857808, -80.145985
1930, #D7E7B7, 25.857808, -80.141985
1931, #D7E7B7, 25.857808, -80.137985
1932, #DBE3CB, 25.857808, -80.133985
1933, #DFDFDF, 25.857808, -80.129985
1934, #DFDFDF, 25.857808, -80.125985
1935, #DFDFDF, 25.857808, -80.121985
1936, #A3CBFF, 25.857808, -80.117985
1937, #A3CBFF, 25.857808, -80.113985
1938, #EFDFC7, 25.861808, -80.313985
1939, #FFFFFF, 25.861808, -80.309985
1940, #DFDFDF, 25.861808, -80.305985
1941, #DFDFDF, 25.861808, -80.301985
1942, #FFFFFF, 25.861808, -80.297985
1943, #DFDFDF, 25.861808, -80.293985
1944, #DFDFDF, 25.861808, -80.289985
1945, #DFDFDF, 25.861808, -80.285985
1946, #DFDFDF, 25.861808, -80.281985
1947, #DFDFDF, 25.861808, -80.277985
1948, #DFDFDF, 25.861808, -80.273985
1949, #DFDFDF, 25.861808, -80.269985
1950, #DFDFDF, 25.861808, -80.265985
1951, #DFDFDF, 25.861808, -80.261985
1952, #D3D3D3, 25.861808, -80.257985
1953, #FFFFFF, 25.861808, -80.253985
1954, #FFFFFF, 25.861808, -80.249985
1955, #DFDFDF, 25.861808, -80.245985
1956, #DFDFDF, 25.861808, -80.241985
1957, #DFDFDF, 25.861808, -80.237985
1958, #FFFFFF, 25.861808, -80.233985
1959, #F7F7F7, 25.861808, -80.229985
1960, #FFFFFF, 25.861808, -80.225985
1961, #DFDFDF, 25.861808, -80.221985
1962, #DFDFDF, 25.861808, -80.217985
1963, #F7F7F7, 25.861808, -80.213985
1964, #FFFFFF, 25.861808, -80.209985
1965, #EFEBE3, 25.861808, -80.205985
1966, #DFDFDF, 25.861808, -80.201985
1967, #FFFFFF, 25.861808, -80.197985
1968, #DFDFDF, 25.861808, -80.193985
1969, #DFDFDF, 25.861808, -80.189985
1970, #E3E3E3, 25.861808, -80.185985
1971, #DFDFDF, 25.861808, -80.181985
1972, #DFDFDF, 25.861808, -80.177985
1973, #DFDFDF, 25.861808, -80.173985
1974, #A3CBFF, 25.861808, -80.169985
1975, #A3CBFF, 25.861808, -80.165985
1976, #A3CBFF, 25.861808, -80.161985
1977, #A3CBFF, 25.861808, -80.157985
1978, #A3CBFF, 25.861808, -80.153985
1979, #A3CBFF, 25.861808, -80.149985
1980, #A3CBFF, 25.861808, -80.145985
1981, #A3CBFF, 25.861808, -80.141985
1982, #A3CBFF, 25.861808, -80.137985
1983, #A3CBFF, 25.861808, -80.133985
1984, #DFDFDF, 25.861808, -80.129985
1985, #DFDFDF, 25.861808, -80.125985
1986, #DFDFDF, 25.861808, -80.121985
1987, #A3CBFF, 25.861808, -80.117985
1988, #A3CBFF, 25.861808, -80.113985
1989, #DFDFDF, 25.865808, -80.313985
1990, #DFDFDF, 25.865808, -80.309985
1991, #F7EFE3, 25.865808, -80.305985
1992, #DFDFDF, 25.865808, -80.301985
1993, #EFDFC7, 25.865808, -80.297985
1994, #EFDFC7, 25.865808, -80.293985
1995, #DFDFDF, 25.865808, -80.289985
1996, #DFDFDF, 25.865808, -80.285985
1997, #DFDFDF, 25.865808, -80.281985
1998, #EBEBEB, 25.865808, -80.277985
1999, #DFDFDF, 25.865808, -80.273985
2000, #DFDFDF, 25.865808, -80.269985
2001, #F7F7F7, 25.865808, -80.265985
2002, #DFDFDF, 25.865808, -80.261985
2003, #DFDFDF, 25.865808, -80.257985
2004, #DFDFDF, 25.865808, -80.253985
2005, #DFDFDF, 25.865808, -80.249985
2006, #DFDFDF, 25.865808, -80.245985
2007, #DFDFDF, 25.865808, -80.241985
2008, #DFDFDF, 25.865808, -80.237985
2009, #DFDFDF, 25.865808, -80.233985
2010, #DFDFDF, 25.865808, -80.229985
2011, #FFFFFF, 25.865808, -80.225985
2012, #FFFFFF, 25.865808, -80.221985
2013, #EFEFEF, 25.865808, -80.217985
2014, #DFDFDF, 25.865808, -80.213985
2015, #DFDFDF, 25.865808, -80.209985
2016, #EFEBE3, 25.865808, -80.205985
2017, #EFEBE3, 25.865808, -80.201985
2018, #DFDFDF, 25.865808, -80.197985
2019, #DFDFDF, 25.865808, -80.193985
2020, #F7F7F7, 25.865808, -80.189985
2021, #DFDFDF, 25.865808, -80.185985
2022, #EFEFEF, 25.865808, -80.181985
2023, #DFDFDF, 25.865808, -80.177985
2024, #DFDFDF, 25.865808, -80.173985
2025, #A3CBFF, 25.865808, -80.169985
2026, #A3CBFF, 25.865808, -80.165985
2027, #A3CBFF, 25.865808, -80.161985
2028, #A3CBFF, 25.865808, -80.157985
2029, #A3CBFF, 25.865808, -80.153985
2030, #A3CBFF, 25.865808, -80.149985
2031, #A3CBFF, 25.865808, -80.145985
2032, #A3CBFF, 25.865808, -80.141985
2033, #A3CBFF, 25.865808, -80.137985
2034, #A3CBFF, 25.865808, -80.133985
2035, #DFDFDF, 25.865808, -80.129985
2036, #DFDFDF, 25.865808, -80.125985
2037, #DFDFDF, 25.865808, -80.121985
2038, #A3CBFF, 25.865808, -80.117985
2039, #A3CBFF, 25.865808, -80.113985
2040, #DFDFDF, 25.869808, -80.313985
2041, #DFDFDF, 25.869808, -80.309985
2042, #DFDFDF, 25.869808, -80.305985
2043, #DFDFDF, 25.869808, -80.301985
2044, #DFDFDF, 25.869808, -80.297985
2045, #DFDFDF, 25.869808, -80.293985
2046, #DFDFDF, 25.869808, -80.289985
2047, #DFDFDF, 25.869808, -80.285985
2048, #DFDFDF, 25.869808, -80.281985
2049, #DFDFDF, 25.869808, -80.277985
2050, #DFDFDF, 25.869808, -80.273985
2051, #DFDFDF, 25.869808, -80.269985
2052, #DFDFDF, 25.869808, -80.265985
2053, #DFDFDF, 25.869808, -80.261985
2054, #DFDFDF, 25.869808, -80.257985
2055, #DFDFDF, 25.869808, -80.253985
2056, #F7F7F7, 25.869808, -80.249985
2057, #DFDFDF, 25.869808, -80.245985
2058, #DFDFDF, 25.869808, -80.241985
2059, #DFDFDF, 25.869808, -80.237985
2060, #DFDFDF, 25.869808, -80.233985
2061, #DFDFDF, 25.869808, -80.229985
2062, #DFDFDF, 25.869808, -80.225985
2063, #A3CBFF, 25.869808, -80.221985
2064, #DFDFDF, 25.869808, -80.217985
2065, #FFFFFF, 25.869808, -80.213985
2066, #FFEFB7, 25.869808, -80.209985
2067, #FFFFFF, 25.869808, -80.205985
2068, #E7E7E7, 25.869808, -80.201985
2069, #DFDFDF, 25.869808, -80.197985
2070, #DFDBC7, 25.869808, -80.193985
2071, #FFEBAF, 25.869808, -80.189985
2072, #DFDFDF, 25.869808, -80.185985
2073, #F3FBEF, 25.869808, -80.181985
2074, #D7E7B7, 25.869808, -80.177985
2075, #DFDFDF, 25.869808, -80.173985
2076, #B3CFF7, 25.869808, -80.169985
2077, #D3DBE3, 25.869808, -80.165985
2078, #A3CBFF, 25.869808, -80.161985
2079, #A3CBFF, 25.869808, -80.157985
2080, #A3CBFF, 25.869808, -80.153985
2081, #A3CBFF, 25.869808, -80.149985
2082, #A3CBFF, 25.869808, -80.145985
2083, #A3CBFF, 25.869808, -80.141985
2084, #A3CBFF, 25.869808, -80.137985
2085, #A3CBFF, 25.869808, -80.133985
2086, #DFDFDF, 25.869808, -80.129985
2087, #EBEBEB, 25.869808, -80.125985
2088, #FBFBFB, 25.869808, -80.121985
2089, #A3CBFF, 25.869808, -80.117985
2090, #A3CBFF, 25.869808, -80.113985
2091, #FFFFFF, 25.873808, -80.313985
2092, #DFDFDF, 25.873808, -80.309985
2093, #DFDFDF, 25.873808, -80.305985
2094, #DFDFDF, 25.873808, -80.301985
2095, #DFDFDF, 25.873808, -80.297985
2096, #DFDFDF, 25.873808, -80.293985
2097, #DFDFDF, 25.873808, -80.289985
2098, #DFDFDF, 25.873808, -80.285985
2099, #DFDFDF, 25.873808, -80.281985
2100, #DFDFDF, 25.873808, -80.277985
2101, #DFDFDF, 25.873808, -80.273985
2102, #DFDFDF, 25.873808, -80.269985
2103, #DFDFDF, 25.873808, -80.265985
2104, #DFDFDF, 25.873808, -80.261985
2105, #DFDFDF, 25.873808, -80.257985
2106, #FFFFFF, 25.873808, -80.253985
2107, #E3E3DF, 25.873808, -80.249985
2108, #DBE7CF, 25.873808, -80.245985
2109, #DFDFDF, 25.873808, -80.241985
2110, #DFDFDF, 25.873808, -80.237985
2111, #DFDFDF, 25.873808, -80.233985
2112, #DFDFDF, 25.873808, -80.229985
2113, #DFDFDF, 25.873808, -80.225985
2114, #DFDFDF, 25.873808, -80.221985
2115, #DFDFDF, 25.873808, -80.217985
2116, #DFDFDF, 25.873808, -80.213985
2117, #EBD79F, 25.873808, -80.209985
2118, #FFFFFF, 25.873808, -80.205985
2119, #FFFFFF, 25.873808, -80.201985
2120, #FFFFFF, 25.873808, -80.197985
2121, #EBEBEB, 25.873808, -80.193985
2122, #EFEBE3, 25.873808, -80.189985
2123, #EFEBE3, 25.873808, -80.185985
2124, #A3CBFF, 25.873808, -80.181985
2125, #D7E7B7, 25.873808, -80.177985
2126, #DFDFDF, 25.873808, -80.173985
2127, #FFFFFF, 25.873808, -80.169985
2128, #EFEBE3, 25.873808, -80.165985
2129, #A3CBFF, 25.873808, -80.161985
2130, #A3CBFF, 25.873808, -80.157985
2131, #A3CBFF, 25.873808, -80.153985
2132, #A3CBFF, 25.873808, -80.149985
2133, #A3CBFF, 25.873808, -80.145985
2134, #DFDFDF, 25.873808, -80.141985
2135, #D7E7B7, 25.873808, -80.137985
2136, #A3CBFF, 25.873808, -80.133985
2137, #A3CBFF, 25.873808, -80.129985
2138, #DFDFDF, 25.873808, -80.125985
2139, #DFDFDF, 25.873808, -80.121985
2140, #A3CBFF, 25.873808, -80.117985
2141, #A3CBFF, 25.873808, -80.113985
